cin,name,pan,address_norm,incorporated_on,status
L00000MH1946PLC197474,QUADRANT TELEVENTURES LIMITED,,AUTOCARS COMPOUND ADALAT ROAD AURANGABAD UNCLASSIFIED MH 431005,2046-08-02,Active
L00063DL2005PLC139045,AKG EXIM LIMITED,,408 411 PEARLS CORPORATE MANGALAM PLACE SECTOR 3 ROHINI BEHIND KALI MATA TEMPLE DELHI UNCLASSIFIED DL 110085,2005-07-26,Active
L00305MH1973PLC174201,ALKEM LABORATORIES LIMITED,,ALKEM HOUSE SENAPATI BAPAT MARG LOWER PAREL MUMBAI UNCLASSIFIED MH 400013,1973-08-08,Active
L01100DL1974PLC241646,OMANSH ENTERPRISES LIMITED,,SHOP NO QD 37 DDA MARKET PITAMPURA NEW DELHI NORTH WEST UNCLASSIFIED DL 110034,1974-03-20,Active
L01100DL1981PLC012736,SAI BABA INVESTMENT AND COMMERCIALENTERPRISES LIMITED,,33 36 BASEMENT WEST PATEL NAGAR NEW DELHI CENTRAL DELHI UNCLASSIFIED DL 110008,1981-11-30,Active
L01100MH1990PLC055860,WHITE ORGANIC AGRO LIMITED,,312A KAILAS PLAZA VALLABH BAUG LANE GHATKOPAR EAST MUMBAI MUMBAI CITY UNCLASSIFIED MH 400077,1990-03-19,Active
L01100MH1992PLC068417,MARDIA FARMS LIMITED,,MARDIA HOUSE96 C P TANK ROAD MUMBAI UNCLASSIFIED MH 400004,1992-09-04,Strike Off
L01100MH1995PLC092424,EURO AGRO (INDIA) LIMITED,,RAM BAUG MOTI FARMSUNDANI ROAD VILLAGE FAGNE DHULE UNCLASSIFIED MH 424301,1995-09-06,Strike Off
L01100MH1996PLC098836,KACHCHH PLANTATIONS LIMITED,,41 SWETA APARTMENTS DEVIDAS LANE BORIVALI WEST MUMBAI UNCLASSIFIED MH 400103,1996-04-12,Strike Off
L01100MH1996PLC100380,USHER AGRO LIMITED,,212 LAXMI PLAZA LAXMI INDUSTRIAL ESTATE NEW LINK ROAD ANDHERI WEST MUMBAI MUMBAI CITY UNCLASSIFIED MH 400053,1996-06-20,Active
L01100MH1998PLC117343,NOHA MARKETING (INDIA) LIMITED,,JAI BAJRANG HSG SOCIETY PARK SITE VIKHROLI POWAI ROAD VIKHROLI WEST MUMBAI UNCLASSIFIED MH 400079,1998-12-04,Active
L01100MH1999PLC118142,MAHADHAN PI-GO FARMS LIMITED,,PRATIBHA NAGAR NEAR GOYANKA NAGAR MURTIZAPUR DIST AKOLA AKOLA UNCLASSIFIED MH 000000,1999-02-04,Active
L01100MH2004PLC149502,MUMBAI GARDEN LIMITED,,FLAT NO 1 B WING BANDANACO OP HSG SOC ST FRANCIS RD AMAR SUBWAY VILE PARLE W MUMBAI UNCLASSIFIED MH 400056,2004-11-11,Active
L01100MH2011PLC225123,WHITE ORGANIC RETAIL LIMITED,,312A KAILAS PLAZA VALLABH BAUG LANE GHATKOPAR EAST MUMBAI MUMBAI CITY UNCLASSIFIED MH 400077,2011-12-19,Active
L01100PN1998PLC013068,PRABHAT DAIRY LIMITED,,GAT NO 122 AT RANJANKHOL POST TILAKNAGAR TALUKA RAHATA AHMEDNAGAR 413720 SHRIRAMPUR AHMEDNAGAR UNCLASSIFIED MH 413720,1998-11-25,Active
L01110MH1933PLC001930,THE RAVALGAON SUGAR FARM LIMITED,,RAVALGAONN 4233108TALUKA MALEGAON NASIK UNCLASSIFIED MH 423108,2033-02-08,Active
L01110MH1937GAP002740,PAPER AND GINGER MERCHANTS ASASOCIATIONLIMITED,,332 334 NARSINATHA STREET MUMBAI UNCLASSIFIED MH 400009,2037-12-22,Dissolved
L01110MH1991PLC061630,KARMAYOGA AGRO LIMITED,,23 RAMESHWAR LADY JAMSHEDJI ROAD MAHIM MUMBAI MUMBAI CITY UNCLASSIFIED MH 400016,1991-05-10,Active
L01110MH1991PLC064271,MURLI INDUSTRIES LIMITED CN,,101 JAI BHAVANI SOCIETYWARDHMAN NAGAR NAGPUR UNCLASSIFIED MH 440008,1991-12-02,Active
L01110MH1992PTC069153,SANJIVANI AGRO INDUSTRIES LTD.,,B 604 SHRI SIDDHI VINAYAKTOWERS TANK ROAD ORLEM MALAD WEST MUMBAI 400 064 UNCLASSIFIED MH 000000,1992-10-20,Under liquidation
L01110MH1992PTC069330,INDO-FRENCH BIO-TECH ENTERPRISES LTD.,,B 1002 STATION PLAZA STATION ROAD BHANDUP WEST MUMBAI 78 W E F 20 11 2002 UNCLASSIFIED MH 000000,1992-11-03,Under liquidation
L01110MH1993PLC072842,NATH BIO-GENES (INDIA) LIMITED,,NATH HOUSE NATH ROAD AURANGABAD UNCLASSIFIED MH 431005,1993-07-14,Active
L01110MH1993PLC073268,AGRI-TECH (INDIA) LIMITED,,NATH HOUSE NATH ROAD AURANGABAD AURANGABAD UNCLASSIFIED MH 431005,1993-08-02,Active
L01111DL1983PLC015969,CONTINENTAL SEEDS AND CHEMICALS LIMITED,,FOURTH FLOOR C 67 DDA SHEDS OKHLA PHASE 1 NEW DELHI NEW DELHI SOUTH DELHI UNCLASSIFIED DL 110020,1983-06-22,Active
L01111DL1983PLC016643,PARAM INDUSTRIES LIMITED,,IIND FLOOR 43 DARYA GANJ NEW DELHI UNCLASSIFIED DL 110002,1983-09-28,Amalgamated
L01111DL1985PLC021268,SEMAYA LIMITED,,FLAT NO 211 ANTRIKSH BHAWAN 22 KG MARG CONNAUGHT PLACE NEW DELHI NEW DELHI UNCLASSIFIED DL 110001,1985-06-21,Active
L01111DL1993PLC052845,KRBL LIMITED,,5190 LAHORI GATE DELHI UNCLASSIFIED DL 110006,1993-03-30,Active
L01119DL1986PLC023698,DR. M. INDUSCORP LIMITED,,18B 1 GROUND FLOOR D B GUPTA ROAD DEV NAGAR KAROL BAGH CENTRAL DELHI UNCLASSIFIED DL 110005,1986-03-21,Active
L01119DL1990PLC040979,HINDUSTAN AGRIGENTICS LIMITED,,806 MEGHDOOT 94 NEHRU PLACE NEW DELHI NEW DELHI UNCLASSIFIED DL 110019,1990-07-25,Active
L01122DL1984PLC018307,AAYUSH FOOD AND HERBS LIMITED,,W 321 GROUND FLOOR CHIRAG DELHI DELHI SOUTH DELHI UNCLASSIFIED DL 110017,1984-06-02,Active
L01122DL1990PLC042207,SC AGROTECH LIMITED,,RZ 1484 28 GROUND FLOOR TUGHLAKABAD EXT NEW DELHI SOUTH DELHI UNCLASSIFIED DL 110019,1990-11-28,Active
L01403DL1983PLC015704,SHIVAMSHREE BUSINESSES LIMITED,,A 31 GALI NO 2 MADHU VIHAR HANUMAN MANDIR DELHI EAST DELHI UNCLASSIFIED DL 110092,1983-05-12,Active
L01409DL1986PLC024284,VARUNA AGROPROTINS LIMITED,,82BMADANGIR VILLAGE NEW DELHI UNCLASSIFIED DL 110062,1986-05-21,Under liquidation
L10100DL1998PLC095131,KUMAUN MINERALS AND CHEMICALS (INDIA) LIMITED.,,4 43 SAFDARJUNG ENCLAVE IIND FLOOR NEW DELHI UNCLASSIFIED DL 000000,1998-07-23,Strike Off
L13100DL1976PLC188942,LANDMARK PROPERTY DEVELOPMENT COMPANYLIMITED,,11TH FLOOR NARAIN MANZIL 23 BARAKHAMBA ROAD NEW DELHI UNCLASSIFIED DL 110001,1976-12-28,Active
L13203DL1985PLC021536,SAJJAN COMMERCIAL ENTERPRISES LTD,,VARDAN HOUSE 17A 39 AJMAL KHAN ROAD WEA KAROL BAG NEW DELHI UNCLASSIFIED DL 110005,1985-03-23,Active
L15140DL1991PLC046327,SWARNIME OIL INDUSTRIES LIMITED,,51 40 EPDP COLONY C R PARK NEWDELHI UNCLASSIFIED DL 000000,1991-11-07,Not Available for eFiling
L15142DL1974PLC007349,MODI NATURALS LIMITED,,405 DEEPALI BUILDING 92 NEHRU PLACE NEW DELHI UNCLASSIFIED DL 110019,1974-07-06,Active
L15142DL1987PLC029899,RELIANCE INFOTEK LIMITED,,H NO 41 KH NO 72 GALI NO 4 G F HARGOVIND ENCLAVE RAJPUR KHURD EXT NEW DELHI NEW DELHI UNCLASSIFIED DL 110068,1987-11-26,Active
L15142DL1990PLC039291,TARAI FOODS LIMITED,,13 HANUMAN ROAD CONNAUGHT PLACE NEW DELHI UNCLASSIFIED DL 110001,1990-02-20,Active
L15142DL1991PLC046469,SUPERIOR INDUSTRIAL ENTERPRISES LIMITED,,25 BAZAR LANEBENGALI MARKET NEW DELHI UNCLASSIFIED DL 110001,1991-11-25,Active
L15142DL1992PLC049498,CHAND VANASPATI LIMITED,,D 9 4 MODEL TOWN NEW DELHI UNCLASSIFIED DL 110009,1992-07-09,Strike Off
L15202DL1959PLC003786,NESTLE INDIA LIMITED,,100 101 WORLD TRADE CENTRE BARAKHAMBA LANE NEW DELHI CENTRAL DELHI UNCLASSIFIED DL 110001,2059-03-28,Active
L15310DL1988PLC033651,MAHAVIRA FOODS LIMITED,,BUILDING NO 3405 4TH FLOOR GALI NO 1 D B GUPTA ROAD KAROL BAGH NEAR MANAS MANDIR DELHI NEW DELHI UNCLASSIFIED DL 110005,1988-10-26,Active
L15310DL1991PLC043456,KUMAR FOOD INDUSTRIES LIMITED,,71 1 SIRASPUR DELHI NORTH WEST UNCLASSIFIED DL 110042,1991-03-13,Active
L15311DL1993PLC052624,DFM FOODS LIMITED,,8377 ROSHANARA ROAD DELHI UNCLASSIFIED DL 110007,1993-03-17,Active
L15319DL1985PLC021348,FOCUS INDUSTRIAL RESOURCES LIMITED,,104 MUKAND HOUSECOMMERCIAL COMPLEX AZAPUR DELHI NEW DELHI UNCLASSIFIED DL 110033,1985-06-27,Active
L15419DL1987PLC350285,MAHAAN FOODS LIMITED,,M 19 1ST FLOOR M BLOCK MARKET GREATER KAILASH II NEW DELHI SOUTH DELHI UNCLASSIFIED DL 110048,1987-03-13,Active
L15421DL1952PLC354222,GOBIND SUGAR MILLS LTD.,,BIRLA MILL COMPLEX P O BIRLA LINES G T ROAD NEAR CLOCK TOWER KAMLA NAGAR NORTH DELHI UNCLASSIFIED DL 110007,2052-08-18,Active
L15421DL1956PLC002652,BASTI SUGAR MILLS CO LTD,,207 ESSEL HOUSE 10 ASAF ALI ROAD DELHI CENTRAL DELHI UNCLASSIFIED DL 110006,2056-04-12,Amalgamated
L15421DL2002PLC118184,MAWANA SUGARS LIMITED,,6TH FLOOR KIRTI MAHAL 19 RAJENDRA PLACE NEW DELHI UNCLASSIFIED DL 110008,2002-12-26,Amalgamated
L15491DL1985PLC019848,VISISTH CHAY VYAPAR LIMITED,,A 446 BASEMENT DEFENCE COLONY NEW DELHI UNCLASSIFIED DL 110024,1985-01-16,Active
L15500DL1994PLC153183,REGENT ENTERPRISES LIMITED,,E 205 LGF GREATER KAILASH II NEW DELHI SOUTH DELHI UNCLASSIFIED DL 110048,1994-07-13,Active
L15511DL1985PLC021272,LACY LIMITED,,FLAT NO 211 ANTRIKSH BHAWAN 22 K G MARG CONNAUGHT PLACE NEW DELHI NEW DELHI UNCLASSIFIED DL 110001,1985-06-21,Active
L15549DL1909PLC005478,HINDUSTAN BREWERIES AND BOTTLING LIMITED,,G 8 HOUSE NO 129 ROHINI SECTOR 16 NEAR METRO RITHALA NURSARY PARK NEW DELHI NEW DELHI UNCLASSIFIED DL 110089,2009-09-09,Active
L15549DL1962PLC003726,JOHN OAKEY AND MOHAN LIMITED,,OFFICE NO 4 FF CSC POCKET E MARKET MAYUR VIHAR PHASE II DELHI EAST DELHI UNCLASSIFIED DL 110091,2062-05-29,Active
L15549DL1981PLC012918,AMRIT INDIA LTD,,202 2 COMMUNITYXNARAINAND NARAINAND NEW DELHI UNCLASSIFIED DL 110028,1981-12-29,Active
L17100DL1985PLC303047,SRM ENERGY LIMITED,,21 BASANT LOK COMPLEX VASANT VIHAR NEW DELHI NEW DELHI UNCLASSIFIED DL 110057,1985-09-03,Active
L17110DL1993PLC055487,RADHIKA SPINNING MILLS LIMITED,,20 15 PATEL NAGAR WESTNEW DELHI NEW DELHI UNCLASSIFIED DL 000000,1993-10-04,Under liquidation
L17111DL1980PLC010814,SIDHARTHA SUPER SPINNING MILLS LIMITED,,211 GAGAN DEEP BLD 12 RAJENDRA PLACE NEW DELHI UNCLASSIFIED DL 110008,1980-08-30,Active
L17111DL1982PLC013790,SHREE WORSTEX LIMITED,,325 IIIRD FLOOR AGGARWAL PLAZA SECTOR 14 ROHINI NEW DELHI NORTH EAST UNCLASSIFIED DL 110085,1982-06-02,Active
L17111DL1986PLC024055,INDORAMA SYNTHETICS (INDIA)LIMITED,,903 MOHANDEV BLDG 13 TOLSTOY MARG N DELHI UNCLASSIFIED DL 000000,1986-04-28,Not Available for eFiling
L17120DL1984PLC018729,FIBER PLUS INDUSTRIES LIMITED,,A 19 B 1 EXTENSION MOHAN CO OPERATIVE IND ESTATE P O BADARPUR MATHURA ROAD NEW DELHI SOUTH DELHI UNCLASSIFIED DL 110044,1984-07-19,Active
L17120DL2007PLC163192,LORENZINI APPARELS LIMITED,,C 64 OKHLA INDUSTRIAL AREA PHASE I NEW DELHI SOUTH DELHI UNCLASSIFIED DL 110020,2007-05-09,Active
L17122DL1989PLC035050,SPORTKING INDIA LIMITED,,5 69 GURU MANSION PADAM SINGH ROAD NEW DELHI UNCLASSIFIED DL 110005,1989-02-15,Active
L17122DL1996PLC332121,APLAYA CREATIONS LIMITED,,UNIT NO DPT 208 2ND FLOOR DLF PRIME TOWERS F 79 80 OKHLA INDUSTRIAL AREA PHASE 1 NEW DELHI SOUTH DELHI UNCLASSIFIED DL 110020,1996-06-05,Active
L17226DL1991PLC128367,IDEAL CARPETS LIMITED,,C 4 118 SAFDARJUNG ENCLAVE NEW DELHI SOUTH DELHI UNCLASSIFIED DL 110029,1991-07-29,Active
L17291DL2009PLC196375,AKM LACE AND EMBROTEX LIMITED,,IX 6024 RAM GALI SUBHASH MOHALLA GANDHI NAGAR DELHI EAST DELHI UNCLASSIFIED DL 110031,2009-11-26,Active
L17299DL1983PLC163230,N K TEXTILE INDUSTRIES LTD,,OMAXE SQUARE PLOT NO 14 5TH FLOOR JASOLA DISTRICT CENTRE JASOLA NEW DELHI 110025 NEW DELHI SOUTH DELHI UNCLASSIFIED DL 110025,1983-02-09,Active
L17299DL1994PLC062984,KOUTONS RETAIL INDIA LIMITED,,T 60 1 D C M SCHOOL LANENEW ROHTAK ROAD KAROL BAGH NEW DELHI NEW DELHI UNCLASSIFIED DL 000000,1994-11-25,Under liquidation
L17300DL1995PLC107286,SRU STEELS LIMITED,,A 48 1ST FLOOR WAZIRPUR INDUSTRIAL AREA DELHI NORTH WEST UNCLASSIFIED DL 110052,1995-09-11,Active
L17309DL2016PLC307204,DCM NOUVELLE LIMITED,,407 VIKRANT TOWER 4 RAJENDRA PLACE NEW DELHI CENTRAL DELHI UNCLASSIFIED DL 110008,2016-10-17,Active
L18100DL1983PLC016354,A F ENTERPRISES LIMITED,,DSM 334 DLF TOWERS SHIVAJI MARG DELHI CENTRAL DELHI UNCLASSIFIED DL 110015,1983-08-18,Active
L18101DL1970PLC005197,SRF LIMITED,,THE GALLERIA DLF MAYUR VIHAR UNIT NO 236 237 2ND FLOOR MAYUR PLACE MAYUR VIHAR PHASE I EXTN NEW DELHI EAST DELHI UNCLASSIFIED DL 110091,1970-01-09,Active
L18101DL1978PLC009241,T T LIMITED,,879 MASTER PRITHVI NATH MARGKAROL BAGH NEW DELHI UNCLASSIFIED DL 110005,1978-09-29,Active
L18101DL1984PLC019544,PALOMA KNITWEAR INTERNATIONAL LIMITED,,3 6 D B GUPTA ROAD PAHARGANJ NEW DELHI UNCLASSIFIED DL 000000,1984-12-10,Active
L18101DL1986PLC025638,H-LON HOSIERY LTD.,,C 4 1 WAZIRPUR INDL AREA MAINROAD NEW DELHI 52 UNCLASSIFIED DL 000000,1986-10-01,Dissolved
L18101DL1989PLC034528,RIBA TEXTILES LIMITED,,DD 14 NEHRU ENCLAVE OPP KALKAJI POST OFFICE NEW DELHI UNCLASSIFIED DL 110019,1989-01-04,Active
L18101DL1989PLC269075,REGAL ENTERPRISES LTD,,R 17A 3RD FLOOR 2ND COLONY RAGHUBIR NAGAR NEAR 25SQ YDS DELHI NEW DELHI UNCLASSIFIED DL 110027,1989-11-06,Active
L18101DL2003PLC121698,AVSL INDUSTRIES LIMITED,,UNIT NO 1001 10TH FLOOR NDM 2 WAZIRPUR DISTRICT CENTRE NETAJI SUBHASH PLACE PITAMPURA NEW DELHI NORTH WEST UNCLASSIFIED DL 110034,2003-08-08,Active
L18101DL2005PLC134879,INDOSOLAR LIMITED,,C 12 FRIENDS COLONY EAST NEW DELHI UNCLASSIFIED DL 110065,2005-04-08,Active
L19201DL1989PLC035728,VISHAL FOOTWEAR LIMITED,,SHOP NO 123 PLOT NO 23 VARDAMAN CHARVE PLAZA K P BLOCK COMM COMPLEX PRITAMPUR NEW DELHI NEW DELHI UNCLASSIFIED DL 110034,1989-04-03,Active
L20765DL1985PLC020765,MUNAK GALVA SHEETS LIMITED,,42 COMMUNITY CENTRE FRIENDS COLONY N DELHI UNCLASSIFIED DL 110065,1985-04-24,Active
L21011DL1974PLC241646,OMANSH ENTERPRISES LIMITED,,SHOP NO QD 37 DDA MARKET PITAMPURA NEW DELHI NORTH WEST UNCLASSIFIED DL 110034,1974-03-20,Active
L21012DL1972PLC279773,SHREE KRISHNA PAPER MILLS & INDUSTRIESLTD,,4830 24 PRAHLAD STREET ANSARI ROAD DARYA GANJ NEW DELHI CENTRAL DELHI UNCLASSIFIED DL 110002,1972-09-14,Active
L21022DL1986PLC024750,BEST BOARD LIMITED,,BHARAT YUVAK BHAWAN I JAISINGH ROAD N DELHI UNCLASSIFIED DL 000000,1986-07-08,Dissolved
L21090DL1995PLC066281,B J DUPLEX BOARDS LIMITED,,H NO 83 T F CHAWRI BAZAR DELHI DELHI NORTH DELHI UNCLASSIFIED DL 110006,1995-03-13,Active
L21093DL1980PLC010492,MAGNUM VENTURES LIMITED.,,STREET NO 3 ANSARI ROAD OFFICE NO 205 2ND FLOOR BUILDING NO 4326 DARYA GANJ UNCLASSIFIED DL 110002,1980-05-29,Active
L21093DL1992PLC116600,MOHIT PAPER MILLS LIMITED,,15A 13UPPER GROUND FLOOR EAST PATEL NAGAR NEW DELHI UNCLASSIFIED DL 110008,1992-06-30,Active
L21100DL1983PLC334800,ALCHEMIST REALTY LIMITED,,BUILDING 23 NEHRU PLACE DELHI NEW DELHI UNCLASSIFIED DL 110019,1983-03-03,Active
L22100DL1990PLC039464,SHARPLINE BROADCAST LIMITED,,37TH SECOND FLOOR RANI JHANSI ROAD MOTIA KHAN PAHARGANJ DELHI CENTRAL DELHI UNCLASSIFIED DL 110055,1990-03-09,Active
L22121DL2002PLC117874,HT MEDIA LIMITED,,18 20 KASTURBA GANDHI MARG NEW DELHI UNCLASSIFIED DL 110001,2002-12-03,Active
L22122DL1993PLC123728,ETT LIMITED,,17 HEMKUNT COLONY NEW DELHI UNCLASSIFIED DL 110048,1993-11-11,Active
L22219DL1970PLC005400,S CHAND AND COMPANY LIMITED,,A 27 2ND FLOOR MOHAN CO OPERATIVE INDUSTRIAL ESTATE NEW DELHI SOUTH DELHI UNCLASSIFIED DL 110044,1970-09-09,Active
L22219DL1980PLC167850,SHREE JAGDAMBE PAPER MILLS LTD,,161 DEEPALI GATE NO 1 PITAMPURA DELHI UNCLASSIFIED DL 110034,1980-07-31,Active
L22219DL1992PLC048398,CORAL NEWSPRINTS LIMITED,,A 138VIKAS MARG SHAKARPUR NEW DELHI EAST DELHI UNCLASSIFIED DL 110092,1992-04-21,Active
L23201DL1998PLC097614,INDRAPRASTHA GAS LIMITED,,IGL BHAWAN PLOT NO 4 COMMUNITY CENTRE SECTOR 9 R K PURAM NEW DELHI UNCLASSIFIED DL 110022,1998-12-23,Active
L23201DL2001PLC174076,SALASAR TECHNO ENGINEERING LIMITED,,E 20 SOUTH EXTENSION I NEW DELHI DELHI SOUTH DELHI UNCLASSIFIED DL 110049,2001-10-24,Active
L23209DL1991PLC219214,INTERLINK PETROLEUM LIMITED,,105 1ST FLOOR 389 A SOUTH EX PLAZA 1 MASJID MOTH SOUTH EXTN PART II NEW DELHI SOUTH DELHI UNCLASSIFIED DL 110049,1991-08-20,Under liquidation
L24100DL1986PLC234423,JYOTIRGAMYA ENTERPRISES LIMITED,,A1 G1 GROUND FLOOR DILSHAD GARDEN SHAHDARA DELHI EAST DELHI UNCLASSIFIED DL 110095,1986-09-25,Active
L36911DL1989PLC030687,ANAND JEWELLERS LTD,,LACTOWIN HOUSE NEAR B D HIGHSCHOOL AMBALA CANTT HARAYANA UNCLASSIFIED DL 110001,1989-09-29,Strike Off
L51909DL1998PLC092804,F C S AIRWAYS LIMITED,,C O DALIP KUMAR 501 URBAN ESTATE AMBALA HARYANA UNCLASSIFIED DL 000000,1998-03-19,Strike Off
L72300DL2000PLC105071,SECURE ECOMM LIMITED,,309 JAINA TOWER IDISTRICT CENTRE JANAK PURI NEW DELHI UNCLASSIFIED DL 110058,2000-04-06,Strike Off
L74899DL1992PLC050092,PIONEER POLYALLOYS LIMITED,,301 COMMUNITY CENTRE GULMOHAR ENCLAVE NEW DELHI UNCLASSIFIED DL 110049,1992-08-26,Strike Off
L74899DL1994PLC059122,HFCL CREDITAND PORTFOLIO LIMITED,,8 MASJID MOTH COMM COMPLEXG K II NEW DELHI UNCLASSIFIED DL 000000,1994-05-19,Strike Off
L74899DL1994PLC059512,HCL OFFSHORE SOFTWARE LLIMITED,,806 808 SIDDHARTHA 96 NEHRU PLACE NEW DELHI UNCLASSIFIED DL 000000,1994-06-08,Strike Off
L74899DL1994PLC059513,HCL SOFTWARE SOLUTIONS LIMITED,,806 808 SIDDHARTHA 96 NEHRU PLACE NEW DELHI UNCLASSIFIED DL 000000,1994-06-08,Strike Off
L74899DL1994PLC059517,HCL INTEGRATED SOLUTIONS LIMITED,,806 808 SIDDHARTHA96 NEHRU PLACE NEW DELHI UNCLASSIFIED DL 000000,1994-06-08,Strike Off
L74899DL1994PLC059765,PALACIAL HOTEL AND RESORTS LIMITED,,16B 8 D B GUPTA ROAD KAROL BAGH NEW DELHI UNCLASSIFIED DL 110005,1994-06-22,Strike Off
L74899DL1994PLC060268,DIGBOI BOTTLING ENGINEERS LIMITED,,3RD FLOOR DA 4 SHAKARPUR VIKAS MARG NEW DELHI UNCLASSIFIED DL 110092,1994-07-15,Strike Off
L74899DL1994PLC061731,S E I SYSTEMS LIMITED,,55 SANSKRIT NAGAR ROHINI DELHI UNCLASSIFIED DL 000000,1994-09-23,Strike Off
L74899DL1994PLC063061,TRIVENI FININVEST AND TRADING LIMITED,,KAILASH 2ND FLOOR 26 K G MARG NEW DELHI UNCLASSIFIED DL 110001,1994-11-30,Strike Off
L74899DL1995PLC065943,MFL APPARELS LIMITED,,C O SOHINDER NATH CHOPRA K 94 HAUZ KHAS ENCLAVE NEW DELHI UNCLASSIFIED DL 110016,1995-03-01,Strike Off
L74899DL1995PLC067627,RAJLAKSHMI FINANCE & CAPITAL LIMITED,,58 SWEET HOME APARTMENTS PLOT 7 SECTOR 14 PRASHANT VIHAR ROHINI NEW DELHI UNCLASSIFIED DL 110085,1995-04-21,Strike Off
L74899DL1995PLC070563,ATUL CHEMICALS LIMITED,,M 91011 GUPTA TOWER AZADPUR COMPLEX NEW DELHI UNCLASSIFIED DL 110033,1995-07-06,Strike Off
L74899DL1995PLC072566,SIEL PROJECTS ENGINEERING AND CONSULTANCY SERVICES LIMITED,,SURYA KIRAN BUILDING 19K G MARG NEW DELHI UNCLASSIFIED DL 000000,1995-09-19,Strike Off
L74899DL1995PLC072759,UFL EXPORTS LIMITED,,C O RAJESHWAR PRASAD PANDEY A 43 A DDA FLATS MUNIRKA NEW DELHI UNCLASSIFIED DL 110067,1995-09-27,Strike Off
L74899DL1999PLC101315,EMERGENT INDUSTRIES AND TECHNOLOGIES LIMITED,,EXPRESS BUILDING 9 10BAHADUR SHAH ZAFAR MARG NEW DELHI UNCLASSIFIED DL 110002,1999-08-27,Strike Off
L74899DL2000PLC104222,MICRO SOFTACE PRODUCTS LIMITED.,,G 22 LAJPAT NAGAR III NEW DELHI UNCLASSIFIED DL 110024,2000-03-07,Strike Off
L74899DL2000PLC106134,SHRIRAM EDUCARE LIMITED,,EXPRESS BUILDINGBAHADUR SHAH ZAFAR MARG NEW DELHI UNCLASSIFIED DL 110002,2000-06-07,Strike Off
L74899DL2000PLC108133,SHREE BAJRANG ROADLINES LTD,,2045 1 GALI NO 6CHUNA MANDI PAHARGANJ NEW DELHI UNCLASSIFIED DL 110055,2000-10-12,Strike Off
U00000DL1974PTC007240,KAMAL ENTERPRISES PRIVATE LIMITED,,PG 74 POSSANGIPURJANAKPURI NEW DELHI UNCLASSIFIED DL 110058,1974-04-30,Strike Off
U00000DL1976PTC008117,NAJIBABAD FINANCE PRIVATE LIMITED,,8 LADY HARDING ROADDELHI UNCLASSIFIED DL 000000,1976-03-23,Strike Off
U00000DL1978PTC009362,DURGA PHARMACEUTICALS PRIVATE LIMITED,,K 185 SURYA PLAZA1ST FLOOR SARAI JULENA N F C NEW DELHI UNCLASSIFIED DL 110025,1978-12-12,Strike Off
U00000DL1982PTC013700,NEETRA PRIVATE LIMITED,,53 SCHIME III OKHLAINUSTRIAL AREA PHASE II NEW DELHI UNCLASSIFIED DL 000000,1982-05-20,Strike Off
U00000DL1982PTC109770,AVIS INTERNATIONAL (EXPORTS ) PRIVATE LIMITED,,A 16MAYFAIR GARDEN NEW DELHI UNCLASSIFIED DL 110016,1982-02-22,Strike Off
U00000DL1984PTC018357,JAS MEDIA INDIA PRIVATE LIMITED,,H 59 D SAKET NEW DELHI 110017 NEW DELHI SOUTH DELHI UNCLASSIFIED DL 110017,1984-06-08,Strike Off
U00000DL1986PTC024641,NAVCHETAN BOOKS PRIVATE LTD,,NEW DELHI UNCLASSIFIED DL 110055,1986-06-27,Strike Off
U00000DL1988PTC030282,STANFORGE ENGINEERS PVT LTD,,3477 GALI BAJRANG BALICHAWRI BAZAR DELHI UNCLASSIFIED DL 000000,1988-01-12,Strike Off
U00000DL1988PTC030330,W G ASSOCIATES PRIVATE LIMITED,,8 ORIENTAL BANK BLDG4 5 NETAJI S MARG DARYAGANJ NEW DELHI UNCLASSIFIED DL 110002,1988-01-15,Strike Off
U00000DL1988PTC030535,JAYAMAN INVESTMENTS PRIVATE LIMITED,,16 NIZAMUDDIN EAST NEW DELHI UNCLASSIFIED DL 110013,1988-02-05,Strike Off
U00000DL1988PTC031019,D P METALS PVT LTD,,1785 5 1ST FLOOR BHAGIRATH PLACE CHANDNI CHOWK DELHI UNCLASSIFIED DL 110006,1988-03-21,Strike Off
U00000DL1988PTC031055,N R POWER BLOCKS PVT LTD,,FLAT NO L G F SATYAM APPTS7 A 2 RAJPUR ROAD NEW DELHI UNCLASSIFIED DL 110054,1988-03-23,Strike Off
U00000DL1988PTC031258,CHADHA PROPERTIES PRIVATE LIMITED,,51 5 OLD RAJINDER NAGAR NEW DELHI UNCLASSIFIED DL 110060,1988-04-11,Strike Off
U00000DL1989PTC037772,KAITTKEE CHITS PRIVATE LIMITED,,198 56 RAMESH MARKET GARHIEAST OF KAILASH NEW DELHI UNCLASSIFIED DL 110065,1989-09-21,Strike Off
U00000DL1989PTC037819,OLYMPIC INTERNATIONAL (ENGINES) PRIVATELIMITED,,2669 SADAR THANA ROAD DELHI NORTH DELHI UNCLASSIFIED DL 110006,1989-09-26,Strike Off
U00000DL1990PTC040121,WOODVILLE RESORTS PRIVATE LIMITED,,R 13 GK I NEW DELHI UNCLASSIFIED DL 110048,1990-05-14,Strike Off
U00000DL1990PTC040423,ABHIYAN CHITS PRIVATE LIMITED,,FLAT NO 6 IIND FLOOR 10159PADAM SINGH ROAD KAROL BAGH NEW DELHI UNCLASSIFIED DL 110005,1990-06-06,Strike Off
U00000DL1990PTC041789,PARIJAT CONSTRUCTION PRIVATE LIMITED,,T 13 GREEN PARK EXTENSION NEW DELHI UNCLASSIFIED DL 110016,1990-10-16,Strike Off
U00000DL1990PTC041811,VISHRUT MARKETING PRIVATE LIMITED,,60 39 NEW ROHTAK ROAD KAROL BAGH NEW DELHI EAST DELHI UNCLASSIFIED DL 110005,1990-10-17,Strike Off
U00000DL1990PTC042097,D S S I EXPORTS PRIVATE LIMITED,,208 216 DDA COMMERCIAL COMPLEXAURBINDO PLACE HAUS KHAS NEW DELHI UNCLASSIFIED DL 110016,1990-11-16,Strike Off
U00000DL1991PTC043579,KRISHNA GROWTH FUND PVT LTD,,A 94 LAJPAT NAGAR NEW DELHI UNCLASSIFIED DL 110027,1991-03-20,Strike Off
U00000DL1991PTC044289,FLUSHING MEADOWS GOLF CLUB PRIVATE LIMITED,,A 16 9 POORVI MARGVASANT VIHAR NEW DELHI UNCLASSIFIED DL 110057,1991-05-09,Strike Off
U00000DL1991PTC046399,UNIQUE WARES PRIVATE LIMITED,,C 10 COMMUNITY CENTRE ASHOK VIHAR PHASE II NEW DELHI UNCLASSIFIED DL 110052,1991-09-14,Strike Off
U00000DL1992PTC047762,SUPERSHWA LAMINATES PRIVATE LIMITED,,1655 OUTRAM LANESKINGSWAY CAMP NEW DELHI UNCLASSIFIED DL 110009,1992-02-26,Strike Off
U00000DL1992PTC049147,INMA CHITS PRIVATE LIMITED,,30 SANT NAGAREAST OF KAILASH NEW DELHI UNCLASSIFIED DL 110065,1992-06-11,Strike Off
U00000DL1992PTC049660,K C INDUSTRIAL YARNS PRIVATE LIMITED,,BM 2A DILKUSH INDL ESTATEG T KARNAL ROAD AZADPUR NEW DELHI UNCLASSIFIED DL 110033,1992-07-22,Strike Off
U00000DL1992PTC049945,TANMAY HOUSING AND FINANCE PRIVATELIMITED,,RAM RATTAN AND CO MAIN ROADASOLA FATEAHPUR BERI NEW DELHI UNCLASSIFIED DL 110030,1992-08-13,Strike Off
U00000DL1992PTC049951,FAKIRSONS PRESS PRIVATE LIMITED,,A 9 NARAINA INDUSTRIAL AREAPHASE II NEW DELHI UNCLASSIFIED DL 110028,1992-08-14,Strike Off
U00000DL1992PTC051229,S P JAURA ASSOCIATES PRIVATE LIMITED,,H 549D SAKET NEW DELHI UNCLASSIFIED DL 110017,1992-12-03,Strike Off
