cin,name,status,roc
L01100MH1992PLC068417,MARDIA FARMS LIMITED,Strike Off,RoC-Mumbai
L01100MH1995PLC092424,EURO AGRO (INDIA) LIMITED,Strike Off,RoC-Mumbai
L01100MH1996PLC098836,KACHCHH PLANTATIONS LIMITED,Strike Off,RoC-Mumbai
L01110MH1994PLC083443,RAMDEOBABA AGROCHEM LIMITED,Strike Off,RoC-Mumbai
L01110MH1995PLC086832,RISHI AGRO FOODS LIMITED,Strike Off,RoC-Mumbai
L01110MH1995PLC091675,VIVALDI AGRO FARMS LIMITED,Strike Off,RoC-Mumbai
L01110MH1996PLC096747,RASAL AGRO INDUSTRIES LIMITED,Strike Off,RoC-Mumbai
L01117WB1993PLC058646,SCINTIFIC AGRO HERBAL & PLANTATION LTD.,Strike Off,RoC-Kolkata
L01120MH1995PLC093138,WELLWORTH FLORICULTURE LIMITED,Strike Off,RoC-Mumbai
L01122WB1995PLC072360,QUALITY FRITES LIMITED,Strike Off,RoC-Kolkata
L01130MH1990PLC056285,CAVENDISH AGRO MILLS LIMITED,Strike Off,RoC-Mumbai
L02001WB2000PLC091625,DIPHU PLYWOOD MANUFACTURING LIMITED,Strike Off,RoC-Kolkata
L05000MH1994PLC080033,ASIAN FISHERIES LIMITED,Strike Off,RoC-Mumbai
L05005WB1992PLC054661,NORTH BENGAL PISCICULTURE & FOREST COMPANY LTD,Strike Off,RoC-Kolkata
L10100DL1998PLC095131,KUMAUN MINERALS AND CHEMICALS (INDIA) LIMITED.,Strike Off,RoC-Delhi
L10200WB1945PLC012217,MADHABPUR COAL CO LTD,Strike Off,RoC-Kolkata
L11201WB1984PLC037705,BOEING INDIA LTD,Strike Off,RoC-Kolkata
L11202WB1974PLC029309,UTKAL GASES LTD,Strike Off,RoC-Kolkata
L15100MH1992PLC067956,RELIC FOODS LIMITED,Strike Off,RoC-Mumbai
L15100MH1999PLC122483,PRALSHAR BIOTEC LIMITED,Strike Off,RoC-Mumbai
L15100MH2000PLC127460,WELWORTH NETWORKS LIMITED,Strike Off,RoC-Mumbai
L15142DL1992PLC049498,CHAND VANASPATI LIMITED,Strike Off,RoC-Delhi
L15200MH1996PLC102332,ADITI BIO-TECH LIMITED,Strike Off,RoC-Mumbai
L15209MH1995PLC094262,HASWANI AGRO PRODUCTS LIMITED,Strike Off,RoC-Mumbai
L15312WB1986PLC040176,CHANDAUSI RICE MILLS LTD,Strike Off,RoC-Kolkata
L15412WB1998PLC087077,GOLDEN CRUST FOODS LIMITED,Strike Off,RoC-Kolkata
L15491WB1900PLC000753,RAJNAGARTEA CO.LIMITED.,Strike Off,RoC-Kolkata
L15491WB1989PLC046774,ANUVESTA INDIA LTD.,Strike Off,RoC-Kolkata
L15491WB1994PLC062095,T & I PLANTATIONS LTD.,Strike Off,RoC-Kolkata
L15491WB1995PLC075587,SBG PLANTATIONS LTD,Strike Off,RoC-Kolkata
L15491WB1996PLC081663,A M TEA LIMITED,Strike Off,RoC-Kolkata
L15494MH1992PTC070066,PAWAN PROTEINS (INDIA) LIMITED,Strike Off,RoC-Mumbai
L17110MH1995PLC084223,SERENE COTSYNTH LIMITED,Strike Off,RoC-Mumbai
L17110MH1995PLC095335,TREND COTEX LIMITED,Strike Off,RoC-Mumbai
L17115WB1996PLC076466,EASTREN SPINNERS LTD,Strike Off,RoC-Kolkata
L17125WB1951PLC019951,CENTRAL GUNNY EXPORTS CO LTD,Strike Off,RoC-Kolkata
L17230MH1999PLC120138,SEAGULL PRODUCTS LIMITED,Strike Off,RoC-Mumbai
L17232WB1993PLC058518,KAJARIA ROPES & CORDAGE LTD.,Strike Off,RoC-Kolkata
L17232WB1995PLC075846,ASHIM KUMAR KAR EXPORTS LTD,Strike Off,RoC-Kolkata
L17239WB1983PLC036020,BROOK HEAVEN SYNTHETIC LTD,Strike Off,RoC-Kolkata
L17290MH1994PLC076336,SONI LABELS LTD.,Strike Off,RoC-Mumbai
L17297WB1939PLC009675,BISHNUPUR COTTON MILLS LTD,Strike Off,RoC-Kolkata
L18101WB1991PLC052602,ARIHANT GARMENTS SALES LTD,Strike Off,RoC-Kolkata
L19202WB1982PLC034688,FLORENCE PIPES LTD,Strike Off,RoC-Kolkata
L20219WB1993PLC060180,ATI EXPORTS LTD.,Strike Off,RoC-Kolkata
L21000MH1996PLC102625,IBL PAPERS LIMITED,Strike Off,RoC-Mumbai
L21010MH1995PLC089834,GENERAL PAPER PLAST LIMITED,Strike Off,RoC-Mumbai
L21098MH1995PLC092627,JAIN BOOK MANUFACTURING COMPANY LIMITED,Strike Off,RoC-Mumbai
L21099WB1981PLC033361,AAPEE PAPER MILLS LTD,Strike Off,RoC-Kolkata
L22200MH1977PLC019885,TORNADO APPLIANCES LIMITED,Strike Off,RoC-Mumbai
L22210MH1998PLC116209,PHENOMENAL PUBLICATIONS LIMITED,Strike Off,RoC-Mumbai
L22212MH1996PLC097737,QUASAR CARDS AND SYSTEMS COMPANY LIMITED,Strike Off,RoC-Mumbai
L23109WB1995PLC071197,LA NOIRE FUELS LTD,Strike Off,RoC-Kolkata
L23209WB1990PLC048972,CCAP INDUSTRIES LTD,Strike Off,RoC-Kolkata
L24100MH1993PLC075845,AGIO DYES AND CHEMICALS LTD,Strike Off,RoC-Mumbai
L24110MH1992PLC069867,EUGENE MARKETING LIMITED,Strike Off,RoC-Mumbai
L24114MH1992PTC067813,TRIA FINE-CHEM LIMITED,Strike Off,RoC-Mumbai
L24114MH1995PLC092835,COLOREX GLOBAL LIMITED,Strike Off,RoC-Mumbai
L24114MH1997PLC106965,INDO-SWISS COLOURS LIMITED,Strike Off,RoC-Mumbai
L24129WB1992PLC057236,INDO-ISREAL FERTILIZERS AND CHEMICALS LTD.,Strike Off,RoC-Kolkata
L24129WB1996PLC081140,PAHARPUR FERTILISERS AND CHEMICALS LTD,Strike Off,RoC-Kolkata
L24134WB1993PLC060768,GUARDIAN PERFORMANCE POLYMERS LTD,Strike Off,RoC-Kolkata
L24221WB1987PLC041974,R.S. PIGMENTS LTD.,Strike Off,RoC-Kolkata
L24224MH1975PLC018128,ANANT DYESTUFF INDUSTRIES LIMITED,Strike Off,RoC-Pune
L24230MH1995PLC091375,GANESH ENERGENE LIMITED,Strike Off,RoC-Mumbai
L24231WB1945PLC012790,CENTRAL BENGAL CHEMICAL WORKS LTD,Strike Off,RoC-Kolkata
L24232WB1987PLC042645,B A B MEDICO LTD,Strike Off,RoC-Kolkata
L24236WB1981PLC033786,BUFFALO DENTAL MANUFACTURING CO (INDIA)LTD,Strike Off,RoC-Kolkata
L24291WB1939PLC009561,BRAHMAPUTRA MATCH WORKS LTD,Strike Off,RoC-Kolkata
L25111WB1996PLC079107,RAGHU BIR INDUSTRIES LTD.,Strike Off,RoC-Kolkata
L25199WB2002PLC094385,MYSORE RUBBERS LIMITED,Strike Off,RoC-Kolkata
L25200MH1987PLC042597,BHOR MARBLEX LTD,Strike Off,RoC-Mumbai
L25200MH1996PLC099165,JAMES POLYMERS LIMITED,Strike Off,RoC-Mumbai
L25200MH2000PLC127204,ABHI-MAN PLASTICS LIMITED,Strike Off,RoC-Mumbai
L25206MH1995PLC092936,ADISH POLYMERS LIMITED,Strike Off,RoC-Mumbai
L25209MH1992PLC065986,JAYSUN PLASTO-MECH ENGINEERING LTD,Strike Off,RoC-Mumbai
L25209WB1982PLC035103,EXTRUSIONS AGRO DRAINAGE LTD,Strike Off,RoC-Kolkata
L26910MH1995PLC087120,PARIJAT CERAMICS LIMITED,Strike Off,RoC-Mumbai
L26939WB1946PLC014012,BALSUKH REFRACTORIES & CERAMICS LTD,Strike Off,RoC-Kolkata
L27100MH1996PLC097607,DINSONS METAL LIMITED,Strike Off,RoC-Mumbai
L27106WB1962PLC025665,BIHAR MALLEABLE CASTINGS LTD,Strike Off,RoC-Kolkata
L27201WB1985PLC038401,CHIRAG-RAUSHANI (BHARAT) LTD.,Strike Off,RoC-Kolkata
L27201WB1985PLC039312,ROTOMAC INTERNATIONAL LTD,Strike Off,RoC-Kolkata
L27310WB1959PLC024332,CALCUTTA STEEL CO LTD,Strike Off,RoC-Kolkata
L28123MH1996PLC102626,INDUSA C0-GENERATORS LIMITED,Strike Off,RoC-Mumbai
L28900MH1996PLC100234,KURNAL IRON AND STEEL LIMITED,Strike Off,RoC-Mumbai
L28910MH1992PLC068481,USHA MARTIN PRECISION FORGINGS LTD,Strike Off,RoC-Mumbai
L28939MH1996PLC097951,GRID CLAMPS LIMITED,Strike Off,RoC-Mumbai
L28939MH1996PLC099412,AAKANKSHA PRESS COMPONENTS LIMITED,Strike Off,RoC-Mumbai
L28992MH2000PLC125042,MILLENNIUM PACKAGING (INDIA) LIMITED,Strike Off,RoC-Mumbai
L29130WB1990PLC048400,PRAGATI GEARS LTD,Strike Off,RoC-Kolkata
L29130WB1996PLC081619,SBPT DRIVE SYSTEM LIMITED,Strike Off,RoC-Kolkata
L29150WB1981PLC034006,CLIMAX EXTRUSIONS LTD,Strike Off,RoC-Kolkata
L29191MH1995PTC092878,CALDYN AIRCON LIMITED,Strike Off,RoC-Mumbai
L29210MH1995PLC086609,MUKAND INDUSTRIAL MACHINERY LIMITED,Strike Off,RoC-Mumbai
L29212WB1982PLC035069,ARVIND PROJECTS LTD,Strike Off,RoC-Kolkata
L29248PN1961PLC012164,ALLIED DYES INDUSTRIES LTD,Strike Off,RoC-Pune
L29290MH1993PLC070681,SINDHAR AYUR-MEDS LTD,Strike Off,RoC-Mumbai
L29291WB1939PLC009925,NATIONAL MODEL INDUSTRIES LTD,Strike Off,RoC-Kolkata
L29300MH1996PLC100855,LEO THERMOWARE LIMITED,Strike Off,RoC-Mumbai
L29303WB1999PLC090401,HAPPY HOME KITCHEN AIDS LIMITED,Strike Off,RoC-Kolkata
L30000MH1995PLC092331,PINSEL-COMPUTER DISC (INDIA) LIMITED,Strike Off,RoC-Mumbai
L30000MH1995PLC093008,ASSET INFORMATION TECHNOLOGY LIMITED,Strike Off,RoC-Mumbai
L30009WB1995PLC072361,B B SOFTWARE LTD,Strike Off,RoC-Kolkata
L31100MH1995PLC087519,GSL POWER LIMITED,Strike Off,RoC-Mumbai
L31300WB1999PLC089707,SUN POLYEXTRUSIONS LIMITED,Strike Off,RoC-Kolkata
L31402WB1998PLC087318,SUPERPACK BATTERY LIMITED,Strike Off,RoC-Kolkata
L31500MH1996PLC103523,META CAPS AND COMPONENTS LIMITED,Strike Off,RoC-Mumbai
L31501WB1996PLC077176,GURUJEE MANUFACTURING COMPANY LTD,Strike Off,RoC-Kolkata
L31909MH1997PLC109371,REUNION ROTARY INTERNATIONAL LIMITED,Strike Off,RoC-Mumbai
L32101WB1993PLC058308,PEERLESS TELEVISION NETWORK LTD.,Strike Off,RoC-Kolkata
L32109MH1992PLC069844,COMPAQ POWERTRONICS LTD,Strike Off,RoC-Mumbai
L32204WB1996PLC081864,ESEDA MOBILE COMMUNICATION (WEST BENGAL) LTD,Strike Off,RoC-Kolkata
L32301PN1985PLC035259,MELTRON KALYANI ELECTRONICS LTD,Strike Off,RoC-Pune
L32301WB1984PLC038291,A.H.INDUSTRIES LIMITED.,Strike Off,RoC-Kolkata
L33130MH1996PLC099928,BENSONS POWER MAKERS INDIA LIMITED,Strike Off,RoC-Mumbai
L33205WB1979PLC031830,ALATA CHAKRA & CO LTD,Strike Off,RoC-Kolkata
L34100MH2000PLC128769,USL MOTORCYCLES LIMITED,Strike Off,RoC-Mumbai
L35110MH1996PLC095902,EMPIRE SHIPPING LIMITED,Strike Off,RoC-Mumbai
L35920MH1993PLC073505,ENKAY CYCLES (INDIA) LTD,Strike Off,RoC-Mumbai
L36911DL1989PLC030687,ANAND JEWELLERS LTD,Strike Off,RoC-Delhi
L36911MH1995PLC085510,RATANLAL C BAFNA METAL INDUSTRIES LIMITED,Strike Off,RoC-Mumbai
L36912MH1995PLC094966,G NITIN GEMS AND EXPORTS COMPANY LIMITED,Strike Off,RoC-Mumbai
L40100MH2000PLC128564,WELTEX CABLES (INDIA) LIMITED,Strike Off,RoC-Mumbai
L40101MH1997PLC109464,YASHEKA ENERGY LIMITED,Strike Off,RoC-Mumbai
L40102RJ1997PLC013170,RAJASTHAN STATE ELECTRICITY CORPORATIONLIMITED,Strike Off,RoC-Jaipur
L40109WB1986PLC040058,PRINTED CIRCUITS INTERNATIONAL LTD,Strike Off,RoC-Kolkata
L45200MH1995PLC090230,RAKA PROMOTERS AND BUILDERS LIMITED,Strike Off,RoC-Mumbai
L45200MH1995PLC090718,NVS CONSTRUCTIONS AND TRADING LIMITED,Strike Off,RoC-Mumbai
L45200MH1996PLC098691,TOKYO HOUSING AND INVESTMENT LIMITED,Strike Off,RoC-Mumbai
L45200MH2000PLC126193,ABHI-MAN LAND DEVELOPERS LIMITED,Strike Off,RoC-Mumbai
L45201WB1940PLC010213,BENGAL ELECTRIC SUPPLY CORPN LTD,Strike Off,RoC-Kolkata
L45201WB1990PLC049672,PROPER LIFE HOUSING DEVELOPMENT & INVESTMENT LTD.,Strike Off,RoC-Kolkata
L45201WB1998PLC087487,SSM PROPERTIES & DEVELOPERS LIMITED,Strike Off,RoC-Kolkata
L45201WB1998PLC088419,SNEHA BUILDING MAINTENANCE LIMITED,Strike Off,RoC-Kolkata
L45202MH1994PLC077244,GAMMON ESTATES LTD,Strike Off,RoC-Mumbai
L45203MH1995PLC089748,SHAHI PORTS LIMITED,Strike Off,RoC-Mumbai
L45209WB1998PLC086694,YESSEMITSU PROJECTS (INDIA) LIMITED,Strike Off,RoC-Kolkata
L45309WB1987PLC042680,AARPEEJAY CONSTRUCTIONS LTD.,Strike Off,RoC-Kolkata
L50401MH1975PLC018541,VICTOR MOPDS LTD,Strike Off,RoC-Pune
L51101WB1945PLC012390,NATIONAL COMMODITIES LTD,Strike Off,RoC-Kolkata
L51101WB1981PLC033933,PET SUPPLIES LTD,Strike Off,RoC-Kolkata
L51109WB1949PLC018213,PUNAM CHAND MOHTA LTD,Strike Off,RoC-Kolkata
L51109WB1956PLC019813,CALCUTTA TUBE IMPORERS ASSOCIATION LTD,Strike Off,RoC-Kolkata
L51109WB1981PLC034136,BALRAMPUR EXPORTS LTD,Strike Off,RoC-Kolkata
L51109WB1984PLC037995,COUNCIL TRADERS LIMITED.,Strike Off,RoC-Kolkata
L51109WB1994PLC065017,VENKTESHWAR NIRYAT & FINANCE LTD.,Strike Off,RoC-Kolkata
L51109WB1995PLC073896,CHITRAVALI DISTRIBUTORS LTD.,Strike Off,RoC-Kolkata
L51109WB1999PLC090530,VELVET VISION LIMITED,Strike Off,RoC-Kolkata
L51225WB1970PLC027645,BIHARJI FIBRE & TEA INDUSTRIES LTD,Strike Off,RoC-Kolkata
L51310MH2000PLC128193,TEXSOC LIMITED,Strike Off,RoC-Mumbai
L51398MH1994PLC078566,MODERN JEWELLERY IMPEX LIMITED,Strike Off,RoC-Mumbai
L51431WB1993PLC061032,PRAKRITPLANT MEDIA LTD.,Strike Off,RoC-Kolkata
L51505WB2000PLC091093,HMP RALLIFAN MARKETING COMPANY LIMITED,Strike Off,RoC-Kolkata
L51900MH1991PLC062833,KOMAL WELD TRADE LIMITED,Strike Off,RoC-Mumbai
L51900MH1994PLC078869,P AND B OVERSEAS P LTD,Strike Off,RoC-Mumbai
L51900MH1994PLC080248,INTER-LINE MARKETING SERVICES LIMITED,Strike Off,RoC-Mumbai
L51900MH1994PLC080400,ABHI GOLDIAMOND EXPORTS (INDIA) LIMITED,Strike Off,RoC-Mumbai
L51900MH1994PTC081291,PROLINE TECHNOLOGIES LIMITED,Strike Off,RoC-Mumbai
L51900MH1995PLC088272,WELWORTH ENTERPRISES LIMITED,Strike Off,RoC-Mumbai
L51900MH1995PLC092202,DINA OVERSEAS LIMITED,Strike Off,RoC-Mumbai
L51900MH1996GAP104385,GARMENT FABRICS EXPORTS ASSOCIATION,Strike Off,RoC-Mumbai
L51909DL1998PLC092804,F C S AIRWAYS LIMITED,Strike Off,RoC-Delhi
L51909MH1994PLC077059,GOVARDHAN PAPERS LIMITED,Strike Off,RoC-Mumbai
L51909MH1996PLC102331,BHAWNA EXPORT LIMITED,Strike Off,RoC-Mumbai
L51909WB1942PLC011031,NARUNDI TRADING CO LTD,Strike Off,RoC-Kolkata
L51909WB1943PLC011297,KALYANI & CO. LTD,Strike Off,RoC-Kolkata
L51909WB1945PLC012404,DARJEELING COMMERCIAL CO LTD,Strike Off,RoC-Kolkata
L51909WB1948PLC016998,BALLABHADAS AGARWAL LTD,Strike Off,RoC-Kolkata
L51909WB1952PLC020410,BIKANER ENGINEERING CO LTD,Strike Off,RoC-Kolkata
L51909WB1958PLC024035,CALCUTTA VYAPAR PRATISTHAN LTD,Strike Off,RoC-Kolkata
L51909WB1982PLC034630,BTS EXPORTS LTD,Strike Off,RoC-Kolkata
L51909WB1994PLC062783,KESHAU MARKETING LIMITED,Strike Off,RoC-Kolkata
L52190MH1996PLC096778,SOLAR FRANCHISES LIMITED,Strike Off,RoC-Mumbai
L52190MH1999PLC120727,LOKHANDWALA MALL OF INDIA LIMITED,Strike Off,RoC-Mumbai
L52603WB1950PLC018956,CHANDA ENGINEERS (INDIA) LTD,Strike Off,RoC-Kolkata
L55101MH1999PLC120967,SHREE BRAJA BHOOMI HOTELS LIMITED,Strike Off,RoC-Mumbai
L55101WB1999PLC090039,SILABATI HOTEL & LODGE LIMITED,Strike Off,RoC-Kolkata
L60210MH1995PLC086099,KATAKATARIA TRANSPORTAND HEAVY INDUSTRIES LIMITED,Strike Off,RoC-Mumbai
L60300MH2000PLC124310,WEST COAST PIPELINES LIMITED,Strike Off,RoC-Mumbai
L61100MH1995PLC084897,STELLAR SHIPPING LIMITED,Strike Off,RoC-Mumbai
L61100MH2000PLC126101,SIDDHIVINAYAK PORTS AND POWER LIMITED,Strike Off,RoC-Mumbai
L61110MH1995PLC087450,MALTRANS WATERWAYS LIMITED,Strike Off,RoC-Mumbai
L63040WB1988PLC045174,SUPERIOR AGENCIES LTD,Strike Off,RoC-Kolkata
L63040WB1990PLC050151,DISNEYLAND FANTASY LTD.,Strike Off,RoC-Kolkata
L63040WB1990PLC050160,UDAAN TRAVELS LTD.,Strike Off,RoC-Kolkata
L63040WB1996PLC079943,GREENEDGE RESORTS & TOURISM LTD,Strike Off,RoC-Kolkata
L63040WB1999PLC090400,SYMPHONIC RESORTS INDIA LIMITED,Strike Off,RoC-Kolkata
L63090MH1994PLC078383,AL FATAH SHIPPING LIMITED,Strike Off,RoC-Mumbai
L63090MH1995PLC091307,AVKASH SHIPPING LIMITED,Strike Off,RoC-Mumbai
L64120MH1993PLC072321,ORIENT COURIER SERVICES LTD,Strike Off,RoC-Mumbai
L64200MH1995PLC093007,ASC MOBILE COMMUNICATION LIMITED,Strike Off,RoC-Mumbai
L64200MH1999PLC120448,CYBERVOICE COMMUNICATIONS LIMITED,Strike Off,RoC-Mumbai
L65110WB1992PLC054302,LOKADEEP FINANCE & INVESTMENT CO. LTD.,Strike Off,RoC-Kolkata
L65110WB1992PLC056925,BENGAL SAVINGS ORGANISATION LTD,Strike Off,RoC-Kolkata
L65110WB1992PLC056930,BIRLA ORIENT FINANCE LTD,Strike Off,RoC-Kolkata
L65110WB1992PLC057078,OVER-TAKE SAVINGS HOUSING & FINANCE COMPANY LTD.,Strike Off,RoC-Kolkata
L65191WB1943PLC011390,RAHUT LOAN & TRUST LTD,Strike Off,RoC-Kolkata
L65191WB1988PLC045668,PEARLY FINANCE & INVESTMENT LTD.,Strike Off,RoC-Kolkata
L65910MH1994PLC082862,SUBIGIRI LEASING LIMITED,Strike Off,RoC-Mumbai
L65910MH1995PLC087042,SHINGAR FINANCE LIMITED,Strike Off,RoC-Mumbai
L65910WB1988PLC043987,RAINBOW INVESTMENTS LTD,Strike Off,RoC-Kolkata
L65910WB1993PLC059903,GENERIC FINANCE AND INVESTMENT (INDIA) LTD.,Strike Off,RoC-Kolkata
L65910WB1993PLC060022,SUPER INDIA FINVEST LTD.,Strike Off,RoC-Kolkata
L65910WB1997PLC084387,ALLCREDIT FINANCE CO. LIMITED,Strike Off,RoC-Kolkata
L65912MH1995PLC091020,EKAVEERA COMMERCIAL FINANCE LIMITED,Strike Off,RoC-Mumbai
L65920MH1993PLC075355,JAINSONS FINVEST LTD,Strike Off,RoC-Mumbai
L65920MH1994PLC076144,ENARI HOUSING FINANCE LIMITED,Strike Off,RoC-Mumbai
L65920MH1995PLC092435,BHUTAJI CREDIT AND CAPITAL LIMITED,Strike Off,RoC-Mumbai
L65920MH1996PLC098536,SHREE SARVA SIDDHI CAPITAL AND FINANCE LIMITED,Strike Off,RoC-Mumbai
L65920MH1997PLC107384,KASHFLOW FINANCIAL SERVICES LIMITED,Strike Off,RoC-Mumbai
L65921MH1995PLC088395,PLUS OVERSEAS LIMITED,Strike Off,RoC-Mumbai
L65921MH1995PLC090118,JANGID CREDIT CAPITAL AND FINANCE LIMITED,Strike Off,RoC-Mumbai
L65921WB1986PLC041019,ITC CLASSIC FINANCE LTD,Strike Off,RoC-Kolkata
L65921WB1988PLC044865,SOUTHERN INTEGRATED FINANCE LTD,Strike Off,RoC-Kolkata
L65921WB1990PLC049784,BSC LEASING & FINANCE COMPANY LTD,Strike Off,RoC-Kolkata
L65922MH1994PLC079882,CHAMBORD HOUSING FINANCE LIMITED,Strike Off,RoC-Mumbai
L65922MH1995PLC091788,NETWORTH HOUSING FINANCE CO LIMITED,Strike Off,RoC-Mumbai
L65922MH1995PLC092015,GIRJA HOUSING AND COMMERCIAL FINANCE LIMITED,Strike Off,RoC-Mumbai
L65922WB1982PLC035095,PELF SAVINGS AND INVESTMENT CO LTD,Strike Off,RoC-Kolkata
L65922WB1988PLC045368,SHELTER HOUSING FINANCE COMPANY LTD,Strike Off,RoC-Kolkata
L65922WB1991PLC050820,RELAX HOUSING CREDIT (INDIA) LTD,Strike Off,RoC-Kolkata
L65922WB1991PLC051644,TALBOT HOUSING FINANCE COMPANY LTD.,Strike Off,RoC-Kolkata
L65922WB1991PLC053768,NIPTON HOUSING FINACNE & INVESTMENT COMPANY LTD,Strike Off,RoC-Kolkata
L65922WB1992PLC057139,MAGNUM CONCLAVE FINANCE & INVESTMENT LTD.,Strike Off,RoC-Kolkata
L65922WB1993PLC060223,LANCY HOUSING FINANCIAL SERVICES LTD.,Strike Off,RoC-Kolkata
L65923MH1995PLC090379,ENKAY FINANCE LIMITED,Strike Off,RoC-Mumbai
L65923WB1980PLC032910,DHAVANTI INVESTMENT LTD,Strike Off,RoC-Kolkata
L65923WB1990PLC048908,MANALI FISCAL SERVICES LTD.,Strike Off,RoC-Kolkata
L65923WB1991PLC053161,TARUCHAYA GENERAL FINANCE & INVESTMENT COMPANY LTD.,Strike Off,RoC-Kolkata
L65929WB1974PLC029262,SOMANI SWISS INDUSTRIES LIMITED,Strike Off,RoC-Kolkata
L65929WB1997PLC082640,ENPRO ESTATES LIMITED,Strike Off,RoC-Kolkata
L65990MH1981PLC024089,SIBLEY INVESTMENT COMPANY,Strike Off,RoC-Mumbai
L65990MH1994PLC081963,RADIL CAPITAL AND FINANCE LIMITED,Strike Off,RoC-Mumbai
L65990MH1995PLC088607,ANDROMEDA HOLDINGS LIMITED,Strike Off,RoC-Mumbai
L65990MH1995PLC089375,SUBHASH CAPITAL AND FINANCE LIMITED,Strike Off,RoC-Mumbai
L65990MH1995PLC090901,ZARNA INVESTMENTS LIMITED,Strike Off,RoC-Mumbai
L65990MH1995PLC092809,BATRA GULATI FINANCE AND INVESTMENTS LIMITED,Strike Off,RoC-Mumbai
L65990MH1996PLC096833,FALAK FINANCE AND INVESTMENT COMPANY LIMITED,Strike Off,RoC-Mumbai
L65990MH1996PLC098692,MONEYLINE CAPITAL SERVICES LIMITED,Strike Off,RoC-Mumbai
L65990MH1996PLC099924,CHAMPION CAPITAL MANAGEMENT AND FINANCELIMITED,Strike Off,RoC-Mumbai
L65990MH1996PLC101375,HEGDE'S FINANCE & INVESTMENTS LIMITED,Strike Off,RoC-Mumbai
L65990MH1997PLC106955,AMEYA PRABHU FINANCE LIMITED,Strike Off,RoC-Mumbai
L65991WB1992PLC055918,CENTURY FINTECH LTD.,Strike Off,RoC-Kolkata
L65991WB1996PLC081360,BELLS CONTROLS FINANCE LIMITED,Strike Off,RoC-Kolkata
L65992WB1993PLC057550,SIKHAR FINVEST & CREDIT COMPANY LTD.,Strike Off,RoC-Kolkata
L65993WB1914PLC019551,COOCH BEHAR BANKING CORPN LTD,Strike Off,RoC-Kolkata
L65993WB1974PLC029392,ZODIAC INVESTMENTS LTD,Strike Off,RoC-Kolkata
L65993WB1974PLC029684,PRATAP HOLDINGS LTD,Strike Off,RoC-Kolkata
L65993WB1976PLC030804,HOMBUJA BANK LTD,Strike Off,RoC-Kolkata
L65993WB1981PLC033873,YASHRANG & CO LTD,Strike Off,RoC-Kolkata
L65993WB1982PLC034964,SAVARE TRADE ENTERPRISES LTD,Strike Off,RoC-Kolkata
L65993WB1982PLC035419,TUSHAR COMMERCIAL CO LTD,Strike Off,RoC-Kolkata
L65993WB1983PLC035988,MARVELOUS INDUSTRIES LTD,Strike Off,RoC-Kolkata
L65993WB1985PLC039514,TRANS GLOBAL ENTERPRISES LTD.,Strike Off,RoC-Kolkata
L65993WB1986PLC040591,VISHWAROOPA INVESTMENT & TRADING COMPANY LTD.,Strike Off,RoC-Kolkata
L65993WB1990PLC050109,SPORTIVE FINANCE AND INVESTMENT INDIA LTD.,Strike Off,RoC-Kolkata
L65993WB1991PLC053140,CLASSIC PORTFOLIO FUND LTD.,Strike Off,RoC-Kolkata
L65993WB1992PLC056225,SAKALER TARE FINANCE AND INVESTMENT LTD.,Strike Off,RoC-Kolkata
L65993WB1993PLC057544,BONAFIDE CREDIT & SAVINGS COMPANY LTD.,Strike Off,RoC-Kolkata
L65993WB1993PLC058854,STALLION INVESTMENT COMPANY (INDIA) LTD,Strike Off,RoC-Kolkata
L65993WB1993PLC060590,GORGEOUS LIFE GENERAL FINANCE & INVESTMENT COMPANY LTD.,Strike Off,RoC-Kolkata
L65993WB1995PLC068704,INTERNATIONAL FUND MANAGEMENT COMPANY LTD.,Strike Off,RoC-Kolkata
L65999WB1979PLC032414,UTKAL BOARD & PAPER MILLS LTD,Strike Off,RoC-Kolkata
L65999WB1988PLC043659,ISS HOLDINGS LTD,Strike Off,RoC-Kolkata
L65999WB1990PLC048798,FRONTLINE FISCAL SERVICES INDIA LTD.,Strike Off,RoC-Kolkata
L65999WB1991PLC052713,GANGA SARASWATI SAVINGS AND INVESTMENT COMPANY LTD.,Strike Off,RoC-Kolkata
L65999WB1991PLC053054,BIANNUAL GENERAL FINANCE & INVESTMENT COMPANY LTD.,Strike Off,RoC-Kolkata
L65999WB1991PLC053379,KAMANI CAPITAL SERVICES LTD,Strike Off,RoC-Kolkata
L65999WB1992PLC053989,CAP-AID FINANCE AND INVESTMENT CO. LTD.,Strike Off,RoC-Kolkata
L65999WB1993PLC057974,VICTORY FINVEST LTD.,Strike Off,RoC-Kolkata
L65999WB1993PLC058021,JANAHITH SAVINGS & CREDIT (INDIA) LTD,Strike Off,RoC-Kolkata
L65999WB1993PLC059801,PROSPEROUS CREDIT & FINANCE (INDIA) LTD.,Strike Off,RoC-Kolkata
L65999WB1993PLC060005,PRINK FINANCE & INVESTMENT COMPANY LTD.,Strike Off,RoC-Kolkata
L65999WB1993PLC061289,ITC CLASSIC FUNDS MANAGEMENT LTD.,Strike Off,RoC-Kolkata
L65999WB1994PLC066639,GKW HOLDINGS LTD.,Strike Off,RoC-Kolkata
L65999WB1995PLC071006,"SAHU INVESTMENT COMPANY LTD,",Strike Off,RoC-Kolkata
L66020WB1938PLC009535,PROVIDENT UNION INSURANCE CO LTD,Strike Off,RoC-Kolkata
L67120MH1994PLC079614,PAMVI MARKETING LIMITED,Strike Off,RoC-Mumbai
L67120MH1995PLC086318,WINSON SECURITIES LIMITED,Strike Off,RoC-Mumbai
L67120MH1995PLC086823,JVIN SECURITIES AND FINANCE LIMITED,Strike Off,RoC-Mumbai
L67120MH1995PLC088123,BENNETT SECURITIES LIMITED,Strike Off,RoC-Mumbai
L67120MH1995PLC089028,ALMEIDA AND COMPANY STOCK BROKERS LIMITED,Strike Off,RoC-Mumbai
L67120MH1995PLC091863,SHRI GAUTAM GHANDHAR RESOURCES LIMITED,Strike Off,RoC-Mumbai
L67120MH1995PLC092114,AVON INVESTMENTS (INDIA) LIMITED,Strike Off,RoC-Mumbai
L67120MH1996PLC097546,RINKU SECURITIES LIMITED,Strike Off,RoC-Mumbai
L67190MH1992PLC068702,SARTHAK CAPITAL SERVICES LIMITED,Strike Off,RoC-Mumbai
L67190MH1995PLC092284,JASOLMAA FINVEST LIMITED,Strike Off,RoC-Mumbai
L67190MH1995PLC093499,SARAS CORPORATE SERVICES LIMITED,Strike Off,RoC-Mumbai
L67190MH1996PLC096785,REAL HOME DWELLERS AND FINANCE COMPANY LIMITED,Strike Off,RoC-Mumbai
L67190MH1996PLC098672,SNIGDHA MANAGEMENT SERVICES LIMITED,Strike Off,RoC-Mumbai
L72100MH1999PLC123404,CG COMNET LIMITED,Strike Off,RoC-Mumbai
L72200MH1996PLC098912,SOJI COMPUTECH INDIA LIMITED,Strike Off,RoC-Mumbai
L72200MH1996PLC103870,SOBHRAJ RANI INDUSTRIES LIMITED,Strike Off,RoC-Mumbai
L72200MH2000PLC125290,WALL STREE COM INDIA LIMITED,Strike Off,RoC-Mumbai
L72200MH2000PLC126988,MEL INFOTECH LIMITED,Strike Off,RoC-Mumbai
L72200PN1987PLC043491,METTA TECHNOLOGY TRANSFER (INDIA) LTD,Strike Off,RoC-Pune
L72300DL2000PLC105071,SECURE ECOMM LIMITED,Strike Off,RoC-Delhi
L72300MH2000PLC127869,BSE INDICES LIMITED,Strike Off,RoC-Mumbai
L72900MH1999PLC121121,PAR INFOSYS LIMITED,Strike Off,RoC-Mumbai
L72900MH2000PLC124911,VIRTUAL WEARHOUSE LIMITED,Strike Off,RoC-Mumbai
L72900MH2000PLC125036,BCONNECTB WORLDWIDE LIMITED,Strike Off,RoC-Mumbai
L72900MH2000PLC125041,GLOBUS TECHNOLOGIES LIMITED,Strike Off,RoC-Mumbai
L72900MH2000PLC125070,CYBERWEB GLOBAL SERVICES LIMITED,Strike Off,RoC-Mumbai
L72900MH2000PLC125232,JAYESH INFOTECH LIMITED,Strike Off,RoC-Mumbai
L72900MH2000PLC125971,DOMAIN9 INDIA LIMITED,Strike Off,RoC-Mumbai
L72900MH2000PLC127246,TIRUPATI ICE COM LIMITED,Strike Off,RoC-Mumbai
L72900MH2000PLC127742,POWER E-MARK (INDIA) LIMITED,Strike Off,RoC-Mumbai
L72900MH2000PLC128171,GARIMA INFOTECH LIMITED,Strike Off,RoC-Mumbai
L72900MH2001PLC130843,AYUSHMAN COMMUNICATION LIMITED,Strike Off,RoC-Mumbai
L73200MH1996PLC102294,CHESCOR RESEARCH AND CONSULTANCY LIMITED,Strike Off,RoC-Mumbai
L74120MH1994PLC080094,SHUSHILA TRIBHOVANDAS BHIMJI ZAVERI JEWELLERS AND FINANCE LIMITED,Strike Off,RoC-Mumbai
L74140MH1992PLC068496,RUCHITA CONSULTANCY LTD,Strike Off,RoC-Mumbai
L74899DL1992PLC050092,PIONEER POLYALLOYS LIMITED,Strike Off,RoC-Delhi
L74899DL1994PLC059122,HFCL CREDITAND PORTFOLIO LIMITED,Strike Off,RoC-Delhi
L74899DL1994PLC059512,HCL OFFSHORE SOFTWARE LLIMITED,Strike Off,RoC-Delhi
L74899DL1994PLC059513,HCL SOFTWARE SOLUTIONS LIMITED,Strike Off,RoC-Delhi
L74899DL1994PLC059517,HCL INTEGRATED SOLUTIONS LIMITED,Strike Off,RoC-Delhi
L74899DL1994PLC059765,PALACIAL HOTEL AND RESORTS LIMITED,Strike Off,RoC-Delhi
L74899DL1994PLC060268,DIGBOI BOTTLING ENGINEERS LIMITED,Strike Off,RoC-Delhi
L74899DL1994PLC061731,S E I SYSTEMS LIMITED,Strike Off,RoC-Delhi
L74899DL1994PLC063061,TRIVENI FININVEST AND TRADING LIMITED,Strike Off,RoC-Delhi
L74899DL1995PLC065943,MFL APPARELS LIMITED,Strike Off,RoC-Delhi
L74899DL1995PLC067627,RAJLAKSHMI FINANCE & CAPITAL LIMITED,Strike Off,RoC-Delhi
L74899DL1995PLC070563,ATUL CHEMICALS LIMITED,Strike Off,RoC-Delhi
L74899DL1995PLC072566,SIEL PROJECTS ENGINEERING AND CONSULTANCY SERVICES LIMITED,Strike Off,RoC-Delhi
L74899DL1995PLC072759,UFL EXPORTS LIMITED,Strike Off,RoC-Delhi
L74899DL1999PLC101315,EMERGENT INDUSTRIES AND TECHNOLOGIES LIMITED,Strike Off,RoC-Delhi
L74899DL2000PLC104222,MICRO SOFTACE PRODUCTS LIMITED.,Strike Off,RoC-Delhi
L74899DL2000PLC106134,SHRIRAM EDUCARE LIMITED,Strike Off,RoC-Delhi
L74899DL2000PLC108133,SHREE BAJRANG ROADLINES LTD,Strike Off,RoC-Delhi
L74999MH1993PLC073746,GONDWANA MINERAL PRODUCTS LTD,Strike Off,RoC-Mumbai
L74999MH1999PLC118514,KRISHNA FLOORS LIMITED,Strike Off,RoC-Mumbai
L85110MH1992PLC070230,MADALSA HOSPITALS LIMITED,Strike Off,RoC-Mumbai
L85195MH2000PLC128748,BIO HERBAL HEALTH CARE (INDIA) LIMITED,Strike Off,RoC-Mumbai
L92110MH1995PLC087726,PARIJAT STUDIO LIMITED,Strike Off,RoC-Mumbai
L92410MH1994PLC078474,MICKEY MEHTA`S MARATHON WORKS LIMITED,Strike Off,RoC-Mumbai
L92411MH1976PLC018903,GAYATRI CONSULTANCY SERVICES LTD,Strike Off,RoC-Pune
L99999MH1985PLC038410,KINGS STEELS LTD,Strike Off,RoC-Mumbai
L99999MH1994PLC077467,DEVANG REROLLERS LTD,Strike Off,RoC-Mumbai
L99999MH1996PLC101512,STERLING MANUFACTURING COMPANY LIMITED,Strike Off,RoC-Mumbai
U00000DL1974PTC007240,KAMAL ENTERPRISES PRIVATE LIMITED,Strike Off,RoC-Delhi
U00000DL1976PTC008117,NAJIBABAD FINANCE PRIVATE LIMITED,Strike Off,RoC-Delhi
U00000DL1978PTC009362,DURGA PHARMACEUTICALS PRIVATE LIMITED,Strike Off,RoC-Delhi
U00000DL1982PTC013700,NEETRA PRIVATE LIMITED,Strike Off,RoC-Delhi
U00000DL1982PTC109770,AVIS INTERNATIONAL (EXPORTS ) PRIVATE LIMITED,Strike Off,RoC-Delhi
U00000DL1984PTC018357,JAS MEDIA INDIA PRIVATE LIMITED,Strike Off,RoC-Delhi
U00000DL1986PTC024641,NAVCHETAN BOOKS PRIVATE LTD,Strike Off,RoC-Delhi
U00000DL1988PTC030282,STANFORGE ENGINEERS PVT LTD,Strike Off,RoC-Delhi
U00000DL1988PTC030330,W G ASSOCIATES PRIVATE LIMITED,Strike Off,RoC-Delhi
U00000DL1988PTC030535,JAYAMAN INVESTMENTS PRIVATE LIMITED,Strike Off,RoC-Delhi
U00000DL1988PTC031019,D P METALS PVT LTD,Strike Off,RoC-Delhi
U00000DL1988PTC031055,N R POWER BLOCKS PVT LTD,Strike Off,RoC-Delhi
U00000DL1988PTC031258,CHADHA PROPERTIES PRIVATE LIMITED,Strike Off,RoC-Delhi
U00000DL1989PTC037772,KAITTKEE CHITS PRIVATE LIMITED,Strike Off,RoC-Delhi
U00000DL1989PTC037819,OLYMPIC INTERNATIONAL (ENGINES) PRIVATELIMITED,Strike Off,RoC-Delhi
U00000DL1990PTC040121,WOODVILLE RESORTS PRIVATE LIMITED,Strike Off,RoC-Delhi
U00000DL1990PTC040423,ABHIYAN CHITS PRIVATE LIMITED,Strike Off,RoC-Delhi
U00000DL1990PTC041789,PARIJAT CONSTRUCTION PRIVATE LIMITED,Strike Off,RoC-Delhi
U00000DL1990PTC041811,VISHRUT MARKETING PRIVATE LIMITED,Strike Off,RoC-Delhi
U00000DL1990PTC042097,D S S I EXPORTS PRIVATE LIMITED,Strike Off,RoC-Delhi
U00000DL1991PTC043579,KRISHNA GROWTH FUND PVT LTD,Strike Off,RoC-Delhi
U00000DL1991PTC044289,FLUSHING MEADOWS GOLF CLUB PRIVATE LIMITED,Strike Off,RoC-Delhi
U00000DL1991PTC046399,UNIQUE WARES PRIVATE LIMITED,Strike Off,RoC-Delhi
U00000DL1992PTC047762,SUPERSHWA LAMINATES PRIVATE LIMITED,Strike Off,RoC-Delhi
U00000DL1992PTC049147,INMA CHITS PRIVATE LIMITED,Strike Off,RoC-Delhi
U00000DL1992PTC049660,K C INDUSTRIAL YARNS PRIVATE LIMITED,Strike Off,RoC-Delhi
U00000DL1992PTC049945,TANMAY HOUSING AND FINANCE PRIVATELIMITED,Strike Off,RoC-Delhi
U00000DL1992PTC049951,FAKIRSONS PRESS PRIVATE LIMITED,Strike Off,RoC-Delhi
U00000DL1992PTC051229,S P JAURA ASSOCIATES PRIVATE LIMITED,Strike Off,RoC-Delhi
U00000DL1993PTC053590,KAILASH THREADS PVT LTD,Strike Off,RoC-Delhi
U00000DL1993PTC054235,ROHINI PROPERTIES PRIVATE LIMITED,Strike Off,RoC-Delhi
U00000DL1995PLC068228,SIBANI SECURITIES LTD,Strike Off,RoC-Delhi
U00000DL1995PLC072123,KEJRIWAL CAPITAL LTD,Strike Off,RoC-Delhi
U00000DL1995PTC066693,MANPURIA MOTORS PRIVATE LIMITED,Strike Off,RoC-Delhi
U00000DL1995PTC074593,ARPAN PARADISE PRIVATE LIMITED,Strike Off,RoC-Delhi
U00000DL1995PTC074691,ALBATROSS GOLF CO PRIVATE LIMITED,Strike Off,RoC-Delhi
U00000DL1996PTC078825,JOT MARKETING INDIA PVT LTD,Strike Off,RoC-Delhi
U00000DL1997PTC085690,MAPLE DESIGN STUDIO PRIVATE LIMITED,Strike Off,RoC-Delhi
U00000DL1997PTC087880,NAMAH SHIVAYA EXPORTS PRIVATE LIMITED,Strike Off,RoC-Delhi
U00000DL1998PLC091846,WWW COMMUNICATIONS LIMITED,Strike Off,RoC-Delhi
U00000DL1998PTC093373,BIOTECH RESEARCH AND ANALYTICAL SERVICES PRIVATE LIMITED,Strike Off,RoC-Delhi
U00000DL1999PLC101844,OSWAL ALUMINIUM LIMITED,Strike Off,RoC-Delhi
U00000DL1999PTC099239,SNEH INTERIORS (PVT) LTD,Strike Off,RoC-Delhi
U00000DL1999PTC101018,SHIVAM INTERNET SERVICES PRIVATE LIMITED,Strike Off,RoC-Delhi
U00000DL1999PTC101098,ECOSOFT TECHNOLOGIES PRIVATE LIMITED,Strike Off,RoC-Delhi
U00000DL1999PTC101378,UNISELECT EXPORTS PRIVATE LIMITED,Strike Off,RoC-Delhi
U00000DL1999PTC101850,TOWNSHIP COMMUNICATIONS PRIVATE LIMITED,Strike Off,RoC-Delhi
U00000DL1999PTC101893,PURTI CHITS PRIVATE LIMITED.,Strike Off,RoC-Delhi
U00000DL2000PLC103379,ELABH TECHNOLOGIES LIMITED,Strike Off,RoC-Delhi
U00000DL2000PLC105553,TRANS SUPPORT INFO LIMITED,Strike Off,RoC-Delhi
U00000DL2000PLC105884,ROCKMAN PRINTERS AND PUBLISHERS LIMITED,Strike Off,RoC-Delhi
U00000DL2000PTC103179,NEW NARINDERA CARGO SERVICES PRIVATELIMITED,Strike Off,RoC-Delhi
U00000DL2000PTC103347,ITIL ONLINE PRIVATE LIMITED,Strike Off,RoC-Delhi
U00000DL2000PTC103708,MONI TECH SYSTEMS PRIVATE LIMITED,Strike Off,RoC-Delhi
U00000DL2000PTC103975,GURSHUBH INTERNATIONAL PRIVATE LIMITED,Strike Off,RoC-Delhi
U00000DL2000PTC104064,HANUKAH TRADING PRIVATE LIMITED,Strike Off,RoC-Delhi
U00000DL2000PTC104147,MATCHLINE IMPEX PRIVATE LIMITED,Strike Off,RoC-Delhi
U00000DL2000PTC104322,TRISHLA PRODUCTS PRIVATE LIMITED,Strike Off,RoC-Delhi
U00000DL2000PTC104441,BEST INFOTECH PRIVATE LIMITED,Strike Off,RoC-Delhi
U00000DL2000PTC104654,SUN STOCK CAPITAL PRIVATE LIMITED,Strike Off,RoC-Delhi
U00000DL2000PTC105547,WEBFUTURZ NET PVT. LTD.,Strike Off,RoC-Delhi
U00000DL2000PTC105645,BLUE-HEAVEN TEX PRIVATE LIMITED,Strike Off,RoC-Delhi
U00000DL2000PTC105720,GOL INDIA PORTAL PRIVATE LIMITED,Strike Off,RoC-Delhi
U00000DL2000PTC105832,SILICON INFOWAYS PRIVATE LIMITED,Strike Off,RoC-Delhi
U00000DL2000PTC106931,CELCEL TECHNOLOGY PRIVATE LIMITED,Strike Off,RoC-Delhi
U00000DL2000PTC107200,NEEL KAMAL ELECTRONICS PRIVATE LIMITED,Strike Off,RoC-Delhi
U00000DL2000PTC108423,ACOLYTE PHARMACEUTICALS PRIVATE LIMITED,Strike Off,RoC-Delhi
U00000DL2000PTC108469,INDRUS ADVISORY PRIVATE LIMITED,Strike Off,RoC-Delhi
U00000DL2000PTC108489,ARROW DETECTIVE AND ALLIED SERVICESPRIVATE LIMITED,Strike Off,RoC-Delhi
U00000DL2000PTC108504,HIGH BRIDGE FASHIONS PRIVATE LIMITED,Strike Off,RoC-Delhi
U00000DL2000PTC108544,INWAY NET WORK MARKETING PRIVATE LIMITED,Strike Off,RoC-Delhi
U00000DL2000PTC108561,INTELLISTUDENT SERVICES PRIVATE LIMITED,Strike Off,RoC-Delhi
U00000DL2000PTC108573,ALLIED VENTURES PRIVATE LIMITED,Strike Off,RoC-Delhi
U00000DL2000PTC108576,INTELIPAC SYSTEMS PRIVATE LIMITED,Strike Off,RoC-Delhi
U00000DL2000PTC108649,DHARMYUG MULTIMEDIA PRIVATE LIMITED,Strike Off,RoC-Delhi
U00000DL2000PTC108728,APNA MOTELS PRIVATE LIMITED,Strike Off,RoC-Delhi
U00000DL2000PTC108737,B T TELETRONICS PRIVATE LIMITED,Strike Off,RoC-Delhi
U00000DL2000PTC108745,ABYSS ENTERTAINMENT PRIVATE LIMITED,Strike Off,RoC-Delhi
U00000DL2000PTC108765,VASU IMPEX PRIVATE LIMITED,Strike Off,RoC-Delhi
U00000DL2000PTC108805,DIMSAN MARKETING PRIVATE LIMITED,Strike Off,RoC-Delhi
U00000DL2000PTC108821,SKY BLUE DESIGN PRIVATE LIMITED,Strike Off,RoC-Delhi
U00000DL2000PTC108822,G F I IMPEX PRIVATE LIMITED,Strike Off,RoC-Delhi
U00000DL2000PTC108825,SATYAM SYSTEMS PRIVATE LIMITED,Strike Off,RoC-Delhi
U00000DL2000PTC108826,SASAS ENGINEERING AND CONSTRUCTION PRIVATE LIMITED,Strike Off,RoC-Delhi
U00000DL2000PTC108840,N H 2000 C COM PRIVATE LIMITED,Strike Off,RoC-Delhi
U00000DL2000PTC108852,INTERACTIVE ACADEMIC POINT PRIVATELIMITED,Strike Off,RoC-Delhi
U00000DL2000PTC108855,ALAKNANDA PRUDUCTS PRIVATE LIMITED,Strike Off,RoC-Delhi
U00000DL2000PTC108865,VAISHNAVI HOME ENTERTAINMENT PRIVATELIMITED,Strike Off,RoC-Delhi
U00000DL2000PTC108904,THREE SIXTY DEGREES COMMUNICATIONSPRIVATE LIMITED,Strike Off,RoC-Delhi
U00000DL2000PTC108905,SHARE MARKET ADVISOR PRIVATE LIMITED,Strike Off,RoC-Delhi
U00000DL2000PTC108914,PANTECH INTERNATIONAL PRIVATE LIMITED,Strike Off,RoC-Delhi
U00000DL2000PTC108925,ESSEL ELECTROSYS PRIVATE LIMITED,Strike Off,RoC-Delhi
U00000DL2000PTC108930,BANKAI BEHARI GRANITE AND CONTRACTORS PRIVATE LIMITED,Strike Off,RoC-Delhi
U00000DL2000PTC108947,SHIVANK SECURITIES PRIVATE LIMITED,Strike Off,RoC-Delhi
U00000DL2000PTC108948,S T TOURS PRIVATE LIMITED,Strike Off,RoC-Delhi
U00000DL2000PTC108953,I J EXIM PRIVATE LIMITED,Strike Off,RoC-Delhi
U00000DL2000PTC108981,FROZEN NATURAL IMPORT EXPORT PRIVATE LIMITED,Strike Off,RoC-Delhi
U00000DL2000PTC108991,BASERA MERCHANDISING PRIVATE LIMITED,Strike Off,RoC-Delhi
U00000DL2000PTC109010,JUPITER TELEKOM CONSTRUCTIONS PRIVATELIMITED,Strike Off,RoC-Delhi
U00000DL2000PTC109021,GOPALA SWEETS PRIVATE LIMITED,Strike Off,RoC-Delhi
U00000DL2001FTC109383,PRAYGA CONSULTANCY PRIVATE LIMITED,Strike Off,RoC-Delhi
U00000DL2001PLC110169,PRITHVI SINGH ENTERPRISES LIMITED,Strike Off,RoC-Delhi
U00000DL2001PLC110721,TAKSHILA ENTERPRISES LIMITED,Strike Off,RoC-Delhi
U00000DL2001PTC109060,ITN ENERGY PRIVATE LIMITED,Strike Off,RoC-Delhi
U00000DL2001PTC109063,ANAND PRIVATE LIMITED,Strike Off,RoC-Delhi
U00000DL2001PTC109068,S-RAY NETWORK MARKETING PRIVATE LIMITED,Strike Off,RoC-Delhi
U00000DL2001PTC109269,MARDAN PLACEMENT BUREAU PRIVATE LIMITED,Strike Off,RoC-Delhi
U00000DL2001PTC109284,S R N EXPORTS PRIVATE LIMITED,Strike Off,RoC-Delhi
U00000DL2001PTC109298,UNIDATA ASIA PRIVATE LIMITED,Strike Off,RoC-Delhi
U00000DL2001PTC109303,TIRUPATI ALUMEX PRIVATE LIMITED,Strike Off,RoC-Delhi
U00000DL2001PTC109363,SUVIDHA SIGNS AND GRAPHICS PRIVATELIMITED,Strike Off,RoC-Delhi
U00000DL2001PTC109370,SYMPHONY TOURS AND FOREX PRIVATE LIMITED,Strike Off,RoC-Delhi
U00000DL2001PTC109374,PRATIK POWERTECH PRIVATE LIMITED,Strike Off,RoC-Delhi
U00000DL2001PTC109393,MAAS IMPEX PRIVATE LIMITED,Strike Off,RoC-Delhi
U00000DL2001PTC109467,SHIKHAR FORWARDERS PRIVATE LIMITED,Strike Off,RoC-Delhi
U00000DL2001PTC109524,SUCHIT ELECTRICALS PRIVATE LIMITED,Strike Off,RoC-Delhi
U00000DL2001PTC109552,RAI ROLLS MOTORS PRIVATE LIMITED,Strike Off,RoC-Delhi
U00000DL2001PTC109592,DHANYA MARINE EXPORTS PRIVATE LIMITED,Strike Off,RoC-Delhi
U00000DL2001PTC109598,HISAR DISC PRIVATE LIMITED,Strike Off,RoC-Delhi
U00000DL2001PTC109603,AXES DESIGN PRIVATE LIMITED,Strike Off,RoC-Delhi
U00000DL2001PTC109605,SAAN AND CO. PRIVATE LIMITED,Strike Off,RoC-Delhi
U00000DL2001PTC109611,FAST GROWTH SERVICES PRIVATE LIMITED,Strike Off,RoC-Delhi
U00000DL2001PTC109654,HASSAN HOME CONSTRUCTION PRIVATE LIMITED,Strike Off,RoC-Delhi
U00000DL2001PTC109693,ANNEX SECURITY SERVICES PRIVATE LIMITED,Strike Off,RoC-Delhi
U00000DL2001PTC109716,KIDARSON AND COMPANY IMPEX PRIVATE LIMITED,Strike Off,RoC-Delhi
U00000DL2001PTC109717,NDC TELECOMMUNICATIONS INDIA PRIVATELIMITED,Strike Off,RoC-Delhi
U00000DL2001PTC109740,IDEAL MEDIA PRIVATE LIMITED,Strike Off,RoC-Delhi
U00000DL2001PTC109830,LAKRA FOREX PRIVATE LIMITED,Strike Off,RoC-Delhi
U00000DL2001PTC109861,DEVISHA NIRMAN AVM SAMVARDHAN PRIVATE LIMITED,Strike Off,RoC-Delhi
U00000DL2001PTC109868,G G SECURITY SERVICES PRIVATE LIMITED,Strike Off,RoC-Delhi
U00000DL2001PTC109870,ALPHA SCIENCE PUBLISHERS PRIVATE LIMITED,Strike Off,RoC-Delhi
U00000DL2001PTC109871,DUCENT TECHNOLOGIES PRIVATE LIMITED,Strike Off,RoC-Delhi
U00000DL2001PTC109877,ADIT SOFTWARE SOLUTIONS PRIVATE LIMITED,Strike Off,RoC-Delhi
U00000DL2001PTC109880,SNELLING PERSONNEL SERVICES PRIVATE LIMITED,Strike Off,RoC-Delhi
U00000DL2001PTC109894,SHIVA HK SALES PRIVATE LIMITED,Strike Off,RoC-Delhi
U00000DL2001PTC109900,GC TECHNOLOGY (INDIA) PRIVATE LIMITED,Strike Off,RoC-Delhi
U00000DL2001PTC109911,NEW JERSEY INFOTECH AND TRAINING PRIVATE LIMITED,Strike Off,RoC-Delhi
U00000DL2001PTC109914,CRITICAL PHASE TECHNOLOGIES PRIVATE LIMITED,Strike Off,RoC-Delhi
U00000DL2001PTC109916,RIBS SERVICES PRIVATE LIMITED,Strike Off,RoC-Delhi
U00000DL2001PTC109927,UAV MULTI VISION PRIVATE LIMITED,Strike Off,RoC-Delhi
U00000DL2001PTC109929,METRO EQUIPMENT AND MACHINE PRIVATE LIMITED,Strike Off,RoC-Delhi
U00000DL2001PTC109930,WINGS SOFTECH PRIVATE LIMITED,Strike Off,RoC-Delhi
U00000DL2001PTC109935,HSJ AGENCIES PRIVATE LIMITED,Strike Off,RoC-Delhi
U00000DL2001PTC109938,KLEEN POWER (INDIA) PRIVATE LIMITED,Strike Off,RoC-Delhi
U00000DL2001PTC109943,WESTGROUP EXPORTS PRIVATE LIMITED,Strike Off,RoC-Delhi
U00000DL2001PTC109951,SHREE OM NAMAHA SHIVA MARKETING PRIVATELIMITED,Strike Off,RoC-Delhi
U00000DL2001PTC109955,NK JINDAL IMPEX PRIVATE LIMITED,Strike Off,RoC-Delhi
U00000DL2001PTC109957,GATEWAY TECHNO CONSULTANTS PRIVATELIMITED,Strike Off,RoC-Delhi
U00000DL2001PTC109962,DIGNITY AUTOCOMPS PRIVATE LIMITED,Strike Off,RoC-Delhi
U00000DL2001PTC109987,VRA ENTERPRISES PRIVATE LIMITED,Strike Off,RoC-Delhi
U00000DL2001PTC109990,EROS WIRELESS NET PRIVATE LIMITED,Strike Off,RoC-Delhi
U00000DL2001PTC110000,FOUR M ADVERTISSING PRIVATE LIMITED,Strike Off,RoC-Delhi
U00000DL2001PTC110009,PARVINDER EXPORTS PRIVATE LIMITED,Strike Off,RoC-Delhi
U00000DL2001PTC110012,MULTITECH FOREX PRIVATE LIMITED,Strike Off,RoC-Delhi
U00000DL2001PTC110021,SPC MARKETING PRIVATE LIMITED,Strike Off,RoC-Delhi
U00000DL2001PTC110023,SHIMEG GRAPHICS PRIVATE LIMITED,Strike Off,RoC-Delhi
U00000DL2001PTC110027,MATTOO PLUS OVERSEAS PRIVATE LIMITED,Strike Off,RoC-Delhi
U00000DL2001PTC110040,AGRIN FOLINE.COM PRIVATE LIMITED,Strike Off,RoC-Delhi
U00000DL2001PTC110045,SKYLINK ELECTRONICS PRIVATE LIMITED,Strike Off,RoC-Delhi
U00000DL2001PTC110053,R BOHRA INDUSTRIAL CONSULTANCY PRIVATE LIMITED,Strike Off,RoC-Delhi
U00000DL2001PTC110054,RIM TECHSHOP PRIVATE LIMITED,Strike Off,RoC-Delhi
U00000DL2001PTC110056,PEE KAY EXIM PRIVATE LIMITED,Strike Off,RoC-Delhi
U00000DL2001PTC110057,MAXIMA NET SERVICES PRIVATE LIMITED,Strike Off,RoC-Delhi
U00000DL2001PTC110059,SNP MICRO ELECTRONICS PRIVATE LIMITED,Strike Off,RoC-Delhi
U00000DL2001PTC110061,CATALYSTS SERVICES PRIVATE LIMITED,Strike Off,RoC-Delhi
U00000DL2001PTC110069,WELL IN TIME COURIERS PRIVATE LIMITED,Strike Off,RoC-Delhi
U00000DL2001PTC110070,PRAYOJAN ELECTRONICS PRIVATE LIMITED,Strike Off,RoC-Delhi
U00000DL2001PTC110073,STOLLER INDIA PRIVATE LIMITED,Strike Off,RoC-Delhi
U00000DL2001PTC110087,AMERICAN INSTITUTE OF TECHNOLOGY (INDIA) PRIVATE LIMITED,Strike Off,RoC-Delhi
U00000DL2001PTC110090,CME MUKUL COMPANY (INDIA) PRIVATE LIMITED,Strike Off,RoC-Delhi
U00000DL2001PTC110094,ALPHA SYNERGIES PRIVATE LIMITED,Strike Off,RoC-Delhi
U00000DL2001PTC110104,MICROTONE ADVERTISING PRIVATE LIMITED,Strike Off,RoC-Delhi
U00000DL2001PTC110125,VAISHNO PLASTIC MOULDERS PRIVATE LIMITED,Strike Off,RoC-Delhi
U00000DL2001PTC110129,DELTA MEDICARE PRIVATE LIMITED,Strike Off,RoC-Delhi
U00000DL2001PTC110130,BESTPHONES TECHNOLOGIES PRIVATE LIMITED,Strike Off,RoC-Delhi
U00000DL2001PTC110132,ONS IMPEX PRIVATE LIMITED,Strike Off,RoC-Delhi
U00000DL2001PTC110141,SPRINGS IMPEX PRIVATE LIMITED,Strike Off,RoC-Delhi
U00000DL2001PTC110155,OVERSEAS TRADES AND SERVICES PRIVATELIMITED,Strike Off,RoC-Delhi
U00000DL2001PTC110188,GALACTIC INFORMATION TECHNOLOGIES PRIVATE LIMITED,Strike Off,RoC-Delhi
U00000DL2001PTC110314,SN AQUA SYSTEM PRIVATE LIMITED,Strike Off,RoC-Delhi
U00000DL2001PTC110393,DOMES FOODS PRIVATE LIMITED,Strike Off,RoC-Delhi
U00000DL2001PTC110420,K AND B INDIA PRIVATE LIMITED,Strike Off,RoC-Delhi
U00000DL2001PTC110587,ALERT ACCESS SYSTEMS PVT. LTD.,Strike Off,RoC-Delhi
U00000DL2001PTC113288,SATAS INDIA PRIVATE LIMITED,Strike Off,RoC-Delhi
U00000DL2002PTC118006,SDP TRADING PRIVATE LIMITED,Strike Off,RoC-Delhi
U00000DL2003PTC120117,ALLIANCE LIFELINE SERVICES PRIVATELIMITED,Strike Off,RoC-Delhi
U00000DL2004PTC130226,AGNI INFOCOM PRIVATE LIMITED,Strike Off,RoC-Delhi
U00000DL2005PTC132850,COGNATE CONSTRUCTIONS PRIVATE LIMITED,Strike Off,RoC-Delhi
U00000DL2005PTC132960,ARCTURUS INFOTECH (INDIA) PRIVATELIMITED,Strike Off,RoC-Delhi
U00000DL2014PTC111111,PRD TEST PRIVATE LIMITED,Strike Off,RoC-Delhi
U00000MH1991PTC060830,KALAKAR TRADING AND INVESTMENT COMPANY PVT LTD,Strike Off,RoC-Mumbai
U00000PN2000PTC015542,S S MARKETIERS INDIA PRIVATE LIMITED,Strike Off,RoC-Pune
U00002MH1994PTC077591,PRAKALP RESORTS AND PLANTATIONS P.LTD.,Strike Off,RoC-Pune
U00017PN2006PTC022343,SHRI VAGHESHWARI AGROFARM AND ANIMALSPRIVATE LIMITED,Strike Off,RoC-Pune
U00019DL2005PTC137976,H.R.INFORMATION TEHCNOLOGIES PRIVATELIMITED,Strike Off,RoC-Delhi
U00019PN2006PTC128352,HAIBATBABA AGRO SERVICES PRIVATE LIMITED,Strike Off,RoC-Pune
U00029PN2006PTC022318,PARIS AGROTECH (INDIA) PRIVATE LIMITED,Strike Off,RoC-Pune
U00041DL1946PTC000960,RAISIVA COLD STORAGE AND ICE CO.PVT.LTD.,Strike Off,RoC-Delhi
U00042DL2005PTC139030,HORIZON DEWDROPS WATERTECH PRIVATELIMITED,Strike Off,RoC-Delhi
U00061DL1952PTC002120,ANAND TRADERS (AGENTS AND SHIPPERS) PRIVATE LIMITED,Strike Off,RoC-Delhi
U00062PN2006PTC022305,BWA APPLIANCES PRIVATE LIMITED,Strike Off,RoC-Pune
U00062PN2006PTC128393,MAHARAJA AUTO DEALERS PRIVATE LIMITED,Strike Off,RoC-Pune
U00063DL1984PTC019166,JETLAND MARKETING SERVICES PRIVATELIMITED,Strike Off,RoC-Delhi
U00063DL2005PTC135205,KIM NETCITY MARKETING PRIVATE LIMITED,Strike Off,RoC-Delhi
U00063DL2005PTC137833,LAISHRAMBA ENTERPRISES PRIVATE LIMITED,Strike Off,RoC-Delhi
U00063DL2005PTC138311,RANA BIKES PRIVATE LIMITED,Strike Off,RoC-Delhi
U00063DL2005PTC138383,M.R.SCRAP PRIVATE LIMITED,Strike Off,RoC-Delhi
U00063DL2005PTC138444,GENPURE MARKETING AND DISTRIBUTIONPRIVATE LIMITED,Strike Off,RoC-Delhi
U00063DL2005PTC138771,SPJ MARKETING PRIVATE LIMITED,Strike Off,RoC-Delhi
U00063DL2005PTC139570,S AND D AROMA (INDIA) PRIVATE LIMITED,Strike Off,RoC-Delhi
U00063DL2005PTC139608,AKSH PETROSTATION PRIVATE LIMITED,Strike Off,RoC-Delhi
U00063DL2005PTC140086,KEEN IMPEX PRIVATE LIMITED,Strike Off,RoC-Delhi
U00063DL2005PTC140202,PATRA SCALES PRIVATE LIMITED,Strike Off,RoC-Delhi
U00063DL2005PTC140509,SAHIL FABTEX PRIVATE LIMITED,Strike Off,RoC-Delhi
U00063DL2005PTC140540,NEEDK IMPEX PRIVATE LIMITED,Strike Off,RoC-Delhi
U00063DL2005PTC140676,GAURIPATI TRADING PRIVATE LIMITED,Strike Off,RoC-Delhi
U00063DL2005PTC140817,SPECTRAMIND MARKETING PRIVATE LIMITED,Strike Off,RoC-Delhi
U00063DL2005PTC140820,HELP DESK MARKETING NETWORK PRIVATELIMITED,Strike Off,RoC-Delhi
U00063DL2005PTC141062,ARROW DISTRIBUTION (WEST BENGAL) PRIVATE LIMITED,Strike Off,RoC-Delhi
U00063PN2006PTC022316,MADHURIESINGH DESIGNS-N-EXPORT PRIVATELIMITED,Strike Off,RoC-Pune
U00063PN2006PTC022359,MULTIPRO EXIM PRIVATE LIMITED,Strike Off,RoC-Pune
U00063PN2006PTC128366,INAMDAR EXPORTS HOUSE PRIVATE LIMITED,Strike Off,RoC-Pune
U00069DL2005PTC135494,MV HOSPITALITY PRIVATE LIMITED,Strike Off,RoC-Delhi
U00069DL2005PTC137071,OBSESSION FOODS PRIVATE LIMITED,Strike Off,RoC-Delhi
U00069DL2005PTC138379,SUNRYDGE QILA RESORTS PRIVATE LIMITED,Strike Off,RoC-Delhi
U00069DL2005PTC138660,UTTARAYAN RESORTS PRIVATE LIMITED,Strike Off,RoC-Delhi
U00069DL2005PTC138839,ULTIMATE HOTELS PRIVATE LIMITED,Strike Off,RoC-Delhi
U00069DL2005PTC140417,PEHCHAN HOTEL AND RESORTS PRIVATELIMITED,Strike Off,RoC-Delhi
U00069PN2006PTC022285,ATRIUM HOSPITALITY AND PROPERTY MANAGEMENT PRIVATE LIMITED,Strike Off,RoC-Pune
U00069RJ2006PTC022365,AONE STAR HOTEL AND RESORT PRIVATELIMITED,Strike Off,RoC-Jaipur
U00069RJ2006PTC022381,SHREE NAVNEET PRIYA GARDEN AND HOTELSPRIVATE LIMITED,Strike Off,RoC-Jaipur
U00071DL2005PTC140390,VINTAGE SHIPPING PRIVATE LIMITED,Strike Off,RoC-Delhi
U00072DL2005PTC136574,VIJAYTA AVIATION PRIVATE LIMITED,Strike Off,RoC-Delhi
U00075PN2006PTC022294,INFO DYNAMIC TECHNOLOGY EXPORT PROJECTSPRIVATE LIMITED,Strike Off,RoC-Pune
U00075PN2006PTC022324,CEPRAS COMMERCIAL SERVICE PRIVATELIMITED,Strike Off,RoC-Pune
U00082DL1946PTC000923,D.R.KUKREDA AND COMPANY PRIVATE LIMITED,Strike Off,RoC-Delhi
U00082DL1949PTC001646,SHEELATA PROPERTIES PRIVATE LIMITED,Strike Off,RoC-Delhi
U00082PN2006PTC128330,WATERCREST PROPERTIES PRIVATE LIMITED,Strike Off,RoC-Pune
U00082RJ2006PTC022392,DHARTIDHAN BUILDING SOLUTIONS PRIVATE LIMITED,Strike Off,RoC-Jaipur
U00089DL2005PTC138404,ISA OUTSOURCING SERVICES PRIVATE LIMITED,Strike Off,RoC-Delhi
U00092DL2005PTC137804,TIJA DEVI EDUCATIONAL INSTITUTIONPRIVATE LIMITED,Strike Off,RoC-Delhi
U00092DL2005PTC137968,CREATIVE INSTITUTE OF PLANNING AND DEVELOPMENT PRIVATE LIMITED,Strike Off,RoC-Delhi
U00092DL2005PTC138712,BUDHA COMMUNICATIONS PRIVATE LIMITED,Strike Off,RoC-Delhi
U00092DL2005PTC138805,ESSAAR INSTITUTE OF MANAGEMENT ANDTECHNOLOGY PRIVATE LIMITED,Strike Off,RoC-Delhi
U00092DL2005PTC140796,CAREWELL INSTITUTE OF MANAGEMENT STUDIES PRIVATE LIMITED,Strike Off,RoC-Delhi
U00092DL2005PTC140819,DISHTAM EDUCATIONAL AND CONSULTANCY PRIVATE LIMITED,Strike Off,RoC-Delhi
U00092DL2005PTC140976,MAHODAR EDUCATIONAL SERVICES PRIVATE LIMITED,Strike Off,RoC-Delhi
U00092DL2005PTC141055,JAIPURIA INSTITUTE OF MANAGEMENT STUDIES PRIVATE LIMITED,Strike Off,RoC-Delhi
U00093DL2005PTC140101,PACE MEDICAL TOURISM PRIVATE LIMITED,Strike Off,RoC-Delhi
U00093PN2006PTC128370,ADVENTIST HEALTH INTERNATIONAL INDIAPRIVATE LIMITED,Strike Off,RoC-Pune
U00093PN2006PTC128399,PANDHARI NET HEALTH PRIVATE LIMITED,Strike Off,RoC-Pune
U00095DL2005PTC138052,R-SERIES MUSICAL AND ENTERTAINMENTCOMPANY PRIVATE LIMITED,Strike Off,RoC-Delhi
U00095DL2005PTC140424,SHRI OM BAND PRIVATE LIMITED,Strike Off,RoC-Delhi
U00099DL2005PTC135239,CLINTUS FACILITY MANAGEMENT SERVICES PRIVATE LIMITED,Strike Off,RoC-Delhi
U00099DL2005PTC138453,RIMIKA ENTERPRISES PRIVATE LIMITED,Strike Off,RoC-Delhi
U00099DL2005PTC138811,RSKS HOME APPLIANCES SERVICES PRIVATELIMITED,Strike Off,RoC-Delhi
U00112PN1999PTC014081,LABTECH SEED PROCESSERS PRIVATE LIMITED,Strike Off,RoC-Pune
U00116DL1993PTC055693,CLASSIC SPECIALITY HOME PRODUCTS PRIVATE LIMITED,Strike Off,RoC-Delhi
U00130PN2006PTC022332,MANTRA MINING (INDIA) PRIVATE LIMITED,Strike Off,RoC-Pune
U00150PN2006PTC022345,PATNI MINES PRIVATE LIMITED,Strike Off,RoC-Pune
U00156PN2006PTC022364,NAGESHWAR STONE CRUSHER PRIVATE LIMITED,Strike Off,RoC-Pune
U00159PN2006PTC128336,STATUS ALLOYS PRIVATE LIMITED,Strike Off,RoC-Pune
U00200DL1987PTC027607,LUXMI TREES PRIVATE LTD,Strike Off,RoC-Delhi
U00219PN2006PTC022244,DAU SHREE FOODS PRIVATE LIMITED,Strike Off,RoC-Pune
U00219PN2006PTC022283,SURABHI MASALE PRIVATE LIMITED,Strike Off,RoC-Pune
U00265DL1981PTC011705,HOUSE OF STICHES PVT LTD,Strike Off,RoC-Delhi
U00265DL2005PTC137317,KABIR FASHIONS PRIVATE LIMITED,Strike Off,RoC-Delhi
U00265DL2005PTC138019,VAU CLOTHING COMPANY PRIVATE LIMITED,Strike Off,RoC-Delhi
U00265DL2005PTC138043,I.N.APPARELS PRIVATE LIMITED,Strike Off,RoC-Delhi
U00265DL2005PTC138196,S K P HANDICRAFTS MANUFACTURING ANDTRADING COMPANY PRIVATE LIMITED,Strike Off,RoC-Delhi
U00265DL2005PTC138523,TRIOM TEX AND TRIMS PRIVATE LIMITED,Strike Off,RoC-Delhi
U00265DL2005PTC139852,USHAMODE CREATIONS PRIVATE LIMITED,Strike Off,RoC-Delhi
U00265DL2005PTC140519,PIYUSH FASHION HOUSE PRIVATE LIMITED,Strike Off,RoC-Delhi
U00265DL2005PTC140543,POLAR FASHIONS PRIVATE LIMITED,Strike Off,RoC-Delhi
U00265DL2005PTC140630,VITRAG GARMENTS PRIVATE LIMITED,Strike Off,RoC-Delhi
U00265DL2005PTC141038,LIFE POSITIVE APPARELS PRIVATE LIMITED,Strike Off,RoC-Delhi
U00265MH1961PTC011916,MAHARASHTRA BOARD MILLS PVT LTD,Strike Off,RoC-Pune
U00265PN2006PTC128379,FIRST PROMOTIONAL CLOTHING COMPANYPRIVATE LIMITED,Strike Off,RoC-Pune
U00265PN2006PTC128389,SHREEKALYANI GARMENTS PRIVATE LIMITED,Strike Off,RoC-Pune
U00269PN2006PTC022251,CHAWA GARMENT PRIVATE LIMITED,Strike Off,RoC-Pune
U00276DL2005PTC141017,R.N.FURNITURE PRIVATE LIMITED,Strike Off,RoC-Delhi
U00282DL1983PTC016141,OMICK PACKERS PVT.LTD.,Strike Off,RoC-Delhi
U00284DL2005PTC138766,GOKUL RANGSHALA PRIVATE LIMITED,Strike Off,RoC-Delhi
U00284DL2005PTC138823,PRAKAT MEDIA PRIVATE LIMITED,Strike Off,RoC-Delhi
U00300DL2005PTC139917,SPIRAL ORGANIC SYSTEMS PRIVATE LIMITED,Strike Off,RoC-Delhi
U00304DL1983PTC016435,EXEXCELGIOR DRUGS AND SURGICALS PRIVATELIMITED.,Strike Off,RoC-Delhi
U00304MH2000PTC128373,R. K. MEDICAL SERVICES PRIVATE LIMITED,Strike Off,RoC-Mumbai
U00304PN2006PTC022360,SERPENT TOXINS PRIVATE LIMITED,Strike Off,RoC-Pune
U00304PN2006PTC128380,VITAL BIOTECHNOLOGIES PRIVATE LIMITED,Strike Off,RoC-Pune
U00304RJ2006PTC022386,U.D. PHARMA PRIVATE LIMITED,Strike Off,RoC-Jaipur
U00305DL2005PTC134939,JAGDAMBA AEROMATICS PRIVATE LIMITED,Strike Off,RoC-Delhi
U00309DL2005PLC140827,PANIPAT V.K. RECYCLING AND TRASPORT COMPANY LIMITED,Strike Off,RoC-Delhi
U00313PN2006PTC128364,AVINASH POLYMERS PRIVATE LIMITED,Strike Off,RoC-Pune
U00313RJ2006PTC022402,SABIK PLASCO PRIVATE LIMITED,Strike Off,RoC-Jaipur
U00316PN2006PTC128400,JYOTIRGAMAYA BIO-FUELS PRIVATE LIMITED,Strike Off,RoC-Pune
U00321DL2005PTC138366,VICKY SCEIENTIFIC GLASS SYSTEM PRIVATELIMITED,Strike Off,RoC-Delhi
U00330DL1989PTC037262,BAGREE ASSOCIATES PRIVATE LIMITED,Strike Off,RoC-Delhi
U00332DL2005PTC140381,NAYAR DIESTEELS PRIVATE LIMITED,Strike Off,RoC-Delhi
U00339DL1986PTC023417,SUMEET LAMINATES PVT. LTD.,Strike Off,RoC-Delhi
U00341DL2005PTC140807,DOVE ENGINEERING PRIVATE LIMITED,Strike Off,RoC-Delhi
U00349DL2005PTC139909,MEMAA MOULDTECH PRIVATE LIMITED,Strike Off,RoC-Delhi
U00356DL2005PTC139896,SGM LIFTS AND ESCALATORS PRIVATE LIMITED,Strike Off,RoC-Delhi
U00363DL2005PTC139141,INNOVA POWER SYSTEMS PRIVATE LIMITED,Strike Off,RoC-Delhi
U00366DL1989PTC037385,VIRUS VISION PRIVATE LIMITED,Strike Off,RoC-Delhi
U00368DL2005PTC138275,SPECTRA INSTRUMENTATION PRIVATE LIMITED,Strike Off,RoC-Delhi
U00372DL2005PTC140799,SHIVOM RAILWAY PRODUCTS PRIVATE LIMITED,Strike Off,RoC-Delhi
U00374DL2005PTC137811,DAVINDERA AUTOMOBILES PRIVATE LIMITED,Strike Off,RoC-Delhi
U00374RJ2006PTC022383,SUNSHINE AUTOVEHICLE PRIVATE LIMITED,Strike Off,RoC-Jaipur
U00383DL2005PTC140303,RIM HANDICRAFTS PRIVATE LIMITED,Strike Off,RoC-Delhi
U00383RJ2006PTC022389,CHEQUERED BEADS PRIVATE LIMITED,Strike Off,RoC-Jaipur
U00383RJ2006PTC022391,CASTLEMARK JEWELLERS PRIVATE LIMITED,Strike Off,RoC-Jaipur
U00389DL1949PTC001655,DEEPAK OPTIC PRIVATE LIMITED,Strike Off,RoC-Delhi
U00389DL1980PTC010450,AGARWAL VANASPATI PRODUCTS INDIA LIMITED,Strike Off,RoC-Delhi
U00500DL1986PTC023231,SITA RAM BUILDERS AND ASSOCIETES PRIVATE LIMITED,Strike Off,RoC-Delhi
U00500DL2005PLC140770,VOEST ALCONS INFRASTRUCTURE LIMITED,Strike Off,RoC-Delhi
U00500DL2005PTC138578,ARUNALAXMI PROJECTS PRIVATE LIMITED,Strike Off,RoC-Delhi
U00500DL2005PTC140179,GSBC MEGA PROJECTS PRIVATE LIMITED,Strike Off,RoC-Delhi
U00500DL2005PTC140252,BHARAT BUILDWELL PRIVATE LIMITED,Strike Off,RoC-Delhi
U00500DL2005PTC140502,KHANEJA ESTATE PRIVATE LIMITED,Strike Off,RoC-Delhi
U00500DL2005PTC140503,SOM DATT ESTATE PRIVATE LIMITED,Strike Off,RoC-Delhi
U00500DL2005PTC140504,BRAHM DATT ESTATE PRIVATE LIMITED,Strike Off,RoC-Delhi
U00500DL2005PTC140786,UMED CONSTRUCTIONS PRIVATE LIMITED,Strike Off,RoC-Delhi
U00500DL2005PTC140848,ADYS REALTORS (INDIA) PRIVATE LIMITED,Strike Off,RoC-Delhi
U00500DL2005PTC140911,SURYA INFRASOLUTIONS PRIVATE LIMITED,Strike Off,RoC-Delhi
U00500RJ2006PTC022406,RAAJSURAJ CONSTRUCTION PRIVATE LIMITED,Strike Off,RoC-Jaipur
U00501DL2005PLC139732,JALANDHAR AMRITSAR TOLLWAYS LIMIED,Strike Off,RoC-Delhi
U00513DL2005PTC136421,SATNAM HOME FURNISHING PRIVATE LIMITED,Strike Off,RoC-Delhi
U00515DL2005PTC140811,MAA DURGA INTERIOR DECORATORS AND CONSULTANTS PRIVATE LIMITED,Strike Off,RoC-Delhi
U00703DL2005PTC138829,SAURANSH LOGISTICS PRIVATE LIMITED,Strike Off,RoC-Delhi
U00703DL2005PTC140780,SLA LOGISTICS PRIVATE LIMITED,Strike Off,RoC-Delhi
U00730DL2005PTC139012,UNITY LOGISTICS PRIVATE LIMITED,Strike Off,RoC-Delhi
U00737DL2005PTC140783,J.B. CABS PRIVATE LIMITED,Strike Off,RoC-Delhi
U00892DL2005PTC135332,PYRAMID INFONET PRIVATE LIMITED,Strike Off,RoC-Delhi
U00892DL2005PTC135672,ACCENTUATE I.T. CONSULTANTS PRIVATELIMITED,Strike Off,RoC-Delhi
U00892DL2005PTC138309,SOFTEDGE SOFTWARE INDIA PRIVATE LIMITED,Strike Off,RoC-Delhi
U00892DL2005PTC138511,INCA ACCESS CONTROL SYSTEMS PRIVATE LIMITED,Strike Off,RoC-Delhi
U00892DL2005PTC138616,SAVIOR IT SERVICES PRIVATE LIMITED,Strike Off,RoC-Delhi
U00892DL2005PTC138788,FPO INFOSOLUTIONS PRIVATE LIMITED,Strike Off,RoC-Delhi
U00892DL2005PTC140512,COGNATE INFOTECH PRIVATE LIMITED,Strike Off,RoC-Delhi
U00892DL2005PTC140514,SHIVAM E-SOLUTION PRIVATE LIMITED,Strike Off,RoC-Delhi
U00892DL2005PTC140810,MS IT SOLUTIONS PRIVATE LIMITED,Strike Off,RoC-Delhi
U00892DL2005PTC140876,CAPSTONE INFOWAYS PRIVATE LIMITED,Strike Off,RoC-Delhi
U00892DL2005PTC140904,THEEOPOLY SOFTSERVE PRIVATE LIMITED,Strike Off,RoC-Delhi
U00892DL2005PTC140962,T J QUADWORKS SOFTWARE SOLUTION PRIVATELIMITED,Strike Off,RoC-Delhi
U00892DL2005PTC141060,PENDON COMPUTERS PRIVATE LIMITED,Strike Off,RoC-Delhi
U00892DL2005PTC141068,JAIPURIA SOFTWARE PRIVATE LIMITED,Strike Off,RoC-Delhi
U00893DL2005PTC136446,VINDESHWARI MANAGEMENT CONSULTANTSPRIVATE LIMITED,Strike Off,RoC-Delhi
U00893DL2005PTC138719,VM PETROTECH AND CONSULTANTS PRIVATELIMITED,Strike Off,RoC-Delhi
U00893DL2005PTC138822,GAMMA RESTAURANTS PRIVATE LIMITED,Strike Off,RoC-Delhi
U00893DL2005PTC138930,SCT MANAGEMENT SOLUTIONS PRIVATE LIMITED ',Strike Off,RoC-Delhi
U00893DL2005PTC139216,MENTOR ADVISORY SERVICES PRIVATE LIMITED,Strike Off,RoC-Delhi
U00893DL2005PTC139759,SRINIVASAN SECURITIES CONSULTANTSPRIVATE LIMITED,Strike Off,RoC-Delhi
U00893DL2005PTC139810,TRANSCENTURE ADVISORY PRIVATE LIMITED,Strike Off,RoC-Delhi
U00893DL2005PTC140173,AJN SQUARE COMMUNICATIONS PRIVATE LIMITED,Strike Off,RoC-Delhi
U00893DL2005PTC140219,MAKIN CONSULTANCY PRIVATE LIMITED,Strike Off,RoC-Delhi
U00893DL2005PTC140446,SMART LINK INFRASTRUCTURE AND PROJECTS PRIVATE LIMITED,Strike Off,RoC-Delhi
U00893DL2005PTC140511,RITZ EXTERNALITIES CONSULTANTS PRIVATE LIMITED,Strike Off,RoC-Delhi
U00893DL2005PTC140526,HALLUCINATION EVENT MANAGEMENT COMPANYPRIVATE LIMITED,Strike Off,RoC-Delhi
U00894DL2005PTC140816,MAGNUS TECHNO SOLUTIONS PRIVATE LIMITED,Strike Off,RoC-Delhi
U00899DL2005PTC136174,P.A. HONDINGS PRIVATE LIMITED TFR. FROMCHENNAI TO DELHI,Strike Off,RoC-Delhi
U00899DL2005PTC138507,S.P.FURNITURES PRIVATE LIMITED,Strike Off,RoC-Delhi
U00899DL2005PTC138607,FIFTH DIMENSION AMUSEMENTS PRIVATE LIMITED,Strike Off,RoC-Delhi
U00899DL2005PTC140411,WADIA BROTHERS HOLDINGS PRIVATE LIMITED,Strike Off,RoC-Delhi
U00899DL2005PTC140454,AXIOM CERTIFICATIONS PRIVATE LIMITED,Strike Off,RoC-Delhi
U00899DL2005PTC140515,AVN CONTRACTOR PRIVATE LIMITED,Strike Off,RoC-Delhi
U00899DL2005PTC140547,TORNADO ENGINEERS PRIVATE LIMITED,Strike Off,RoC-Delhi
U01002DL1993PTC053589,LILY FARMS PRIVATE LIMITED,Strike Off,RoC-Delhi
U01049DL1986PTC026284,SANKER FARMPERTISE PRIVATE LTD.,Strike Off,RoC-Delhi
U01100DL1982PTC013397,STANDARD GARDEN CARETAKERS PRIVATE LIMITED,Strike Off,RoC-Delhi
U01100DL1987PTC028704,SHIVLOK AGRO PRIVATE LIMITED,Strike Off,RoC-Delhi
U01100DL1988PTC032447,N.C.R. FARM HOUSES PRIVATE LIMITED,Strike Off,RoC-Delhi
U01100DL1991PTC042992,MADHYANT FARMS PRIVATE LIMITED,Strike Off,RoC-Delhi
U01100DL1993PLC053358,UNIPLAS PLANTATION LIMITED,Strike Off,RoC-Delhi
U01100DL1994PTC063591,SONATE IMPEX PRIVATE LIMITED,Strike Off,RoC-Delhi
U01100DL1996PTC080626,PANNALAL MUSHROOMS PRIVATE LIMITED,Strike Off,RoC-Delhi
U01100DL1997PTC090272,NAVKRITI PLANTATIONS PRIVATE LIMITED,Strike Off,RoC-Delhi
U01100DL1998PTC093229,POKHRIYAL AGRO PRIVATE LIMITED,Strike Off,RoC-Delhi
U01100DL1998PTC096406,ANKUR LANDSCAPES PRIVATE LIMITED,Strike Off,RoC-Delhi
U01100DL2016PTC307467,OYSTER PRODUCER COMPANY LIMITED,Strike Off,RoC-Delhi
U01100DL2016PTC309279,ANNPRASH TRADING PRIVATE LIMITED,Strike Off,RoC-Delhi
U01100DL2017PTC310679,ISHAN LIFE CARE PRIVATE LIMITED,Strike Off,RoC-Delhi
U01100DL2017PTC312480,TRIBA AERODEF PRIVATE LIMITED,Strike Off,RoC-Delhi
U01100DL2017PTC313110,APRAMEYA AGRO FRESH PRIVATE LIMITED,Strike Off,RoC-Delhi
U01100DL2017PTC314509,RRG SASYA AARDHRA PRIVATE LIMITED,Strike Off,RoC-Delhi
U01100DL2017PTC321673,RAGSIN AGRI SYSTEMS PRIVATE LIMITED,Strike Off,RoC-Delhi
U01100DL2017PTC327084,CLEX AGRO ENTERPRISES PRIVATE LIMITED,Strike Off,RoC-Delhi
U01100DL2017PTC327225,ADONIA AGRO PRODUCTS PRIVATE LIMITED,Strike Off,RoC-Delhi
U01100DL2018PTC333346,PATEL AGRO ORGANICS PRIVATE LIMITED,Strike Off,RoC-Delhi
U01100DL2018PTC333504,VIBRANT SEEDS PRIVATE LIMITED,Strike Off,RoC-Delhi
U01100RJ2012PTC038067,DREAM KREATIONS INTERNATIONAL PRIVATELIMITED,Strike Off,RoC-Jaipur
U01100RJ2016OPC055724,GREENAPPLE AGROPROCESSING (OPC) PRIVATELIMITED,Strike Off,RoC-Jaipur
U01100RJ2016PTC054712,PNMG AGRO CONSULTANCY PRIVATE LIMITED,Strike Off,RoC-Jaipur
U01100RJ2016PTC055573,MRIDA SHAKTI AGROTECH PRIVATE LIMITED,Strike Off,RoC-Jaipur
U01100RJ2016PTC056095,NATURELSA ORGANIC FERTILIZERS PRIVATELIMITED,Strike Off,RoC-Jaipur
U01100RJ2016PTC056473,KISAAN 2 KISAAN PRIVATE LIMITED,Strike Off,RoC-Jaipur
U01100RJ2017PTC057344,DESERT SPLENDOUR JOJOBA OIL PLANTATIONPRIVATE LIMITED,Strike Off,RoC-Jaipur
U01100RJ2017PTC059632,SRP HOSPITALITY PRIVATE LIMITED,Strike Off,RoC-Jaipur
U01100RJ2017PTC059843,ORGAPURE AGRO FOOD PRIVATE LIMITED,Strike Off,RoC-Jaipur
U01100RJ2018PTC059958,OM TRIMURTY AGROTECH PRIVATE LIMITED,Strike Off,RoC-Jaipur
U01100RJ2018PTC062844,AJAYKISAN PRIVATE LIMITED,Strike Off,RoC-Jaipur
U01110DL1990PTC042101,EXPEROR EXPORT AND TRADING COMPANYPRIVATE LIMITED,Strike Off,RoC-Delhi
U01110DL1991PTC044435,HILL RICE PRIVATE LIMITED,Strike Off,RoC-Delhi
U01110DL1993PTC053063,VIGOUR AGRO PRIVATE LIMITED,Strike Off,RoC-Delhi
U01110DL1993PTC053129,TAL VRIKSH AGRO PLANTATIONS PRIVATELIMITED,Strike Off,RoC-Delhi
U01110DL1993PTC053577,PASAND RICE MILLS PRIVATE LIMITED,Strike Off,RoC-Delhi
U01110DL1994PTC057277,MISHAN EXIM INDIA PRIVATE LIMITED,Strike Off,RoC-Delhi
U01110DL1995PLC072911,SURYA KRISHI AVAM PRYATAN VIKAS LIMITED,Strike Off,RoC-Delhi
U01110DL1996PLC080328,NEW WAYS AGRICULTURE LIMITED,Strike Off,RoC-Delhi
U01110DL1996PLC081037,P.V.S. FORESTRY LIMITED,Strike Off,RoC-Delhi
U01110DL1998PTC095473,LANDCARE PROJECTS PRIVATE LIMITED,Strike Off,RoC-Delhi
U01110DL1999PTC098255,TRIDENT GRAIN PRIVATE LIMITED,Strike Off,RoC-Delhi
U01110DL2006PTC151972,BHARAT JATROPHA GARDEN ESTATES PRIVATELIMITED,Strike Off,RoC-Delhi
U01110DL2006PTC155816,INDIA BIOFUELS PRIVATE LIMITED,Strike Off,RoC-Delhi
U01110DL2007PTC170350,ASR SPICES PRIVATE LIMITED,Strike Off,RoC-Delhi
U01110DL2009PTC194860,BEETAL AGRO FARMING PRIVATE LIMITED,Strike Off,RoC-Delhi
U01110DL2011PTC226179,TYCOON CROPTECH PRIVATE LIMITED,Strike Off,RoC-Delhi
U01110DL2011PTC228834,DEODAR GROWMORE PRIVATE LIMITED,Strike Off,RoC-Delhi
U01110DL2012PLC244000,NEW JASPER AGRITECH LIMITED,Strike Off,RoC-Delhi
U01110DL2012PTC234919,AASHI AGRO FOODS PRIVATE LIMITED,Strike Off,RoC-Delhi
U01110DL2012PTC235406,GLASS HOUSE FARMS PRIVATE LIMITED,Strike Off,RoC-Delhi
U01110DL2012PTC242737,SUSTENANCE SOLUTIONS PRIVATE LIMITED,Strike Off,RoC-Delhi
U01110DL2013PTC254924,TRIVANE AGRO PRIVATE LIMITED,Strike Off,RoC-Delhi
U01110DL2016PTC301123,AGROWZ INNOVATIONS PRIVATE LIMITED,Strike Off,RoC-Delhi
U01110DL2017PTC318650,NS MENTHOL PRIVATE LIMITED,Strike Off,RoC-Delhi
U01110DL2017PTC327293,AVISHKAR AGRI FOODS PRIVATE LIMITED,Strike Off,RoC-Delhi
U01110DL2018PTC331673,AAGE FOODSTUFF INDIA PRIVATE LIMITED,Strike Off,RoC-Delhi
U01110RJ2001PTC016832,SUNNY SEEDS TRADING PRIVATE LIMITED,Strike Off,RoC-Jaipur
U01110RJ2010PTC032906,NANDAN BIOMATRIX (RAJASTHAN) PRIVATELIMITED,Strike Off,RoC-Jaipur
U01110RJ2013PTC042948,GARIMA'S GUM INDUSTRIES PRIVATE LIMITED,Strike Off,RoC-Jaipur
U01110RJ2016PTC055396,NLG AGRO PRIVATE LIMITED,Strike Off,RoC-Jaipur
U01111DL1972PTC006096,BASSI AGRICULTURAL PRODUCTS PRIVATELIMITED,Strike Off,RoC-Delhi
U01111DL1972PTC006098,RAJPURA AGRO INDUSTRIES PRIVATE LIMITED,Strike Off,RoC-Delhi
U01111DL1972PTC006099,KAULI AGRICULTURAL FARMS PRIVATE LIMITED,Strike Off,RoC-Delhi
U01111DL1974PTC007469,GOVAN FARMS AND TRADING CO PVT LTD,Strike Off,RoC-Delhi
U01111RJ1989PTC004848,SHRI VRIKSHALAYA P. LTD.,Strike Off,RoC-Jaipur
U01111RJ1993PTC007614,DEVAM ORCHARDS PVT. LTD,Strike Off,RoC-Jaipur
U01111RJ1995PLC009698,SAFARI WHITEGOLD LIMITED,Strike Off,RoC-Jaipur
U01111RJ1995PTC009811,G.M.FARMS PVT LTD,Strike Off,RoC-Jaipur
U01111RJ2000PTC016118,KAIZEN FARM FOODS PRIVATE LIMITED,Strike Off,RoC-Jaipur
U01111RJ2004PTC018903,PLASMA AGRO SEEDS PRIVATE LIMITED,Strike Off,RoC-Jaipur
U01111RJ2017PTC058783,NKG AGROSEEDS PRIVATE LIMITED,Strike Off,RoC-Jaipur
U01112RJ2007PTC023969,S S FARMING PRIVATE LIMITED,Strike Off,RoC-Jaipur
U01112RJ2007PTC024487,MAHAVEER BIOFUELS PRIVATE LIMITED,Strike Off,RoC-Jaipur
U01112RJ2008PTC026584,SUDHANSHU DAIRY AND AGROTECH PRIVATELIMITED,Strike Off,RoC-Jaipur
U01112RJ2011PTC035720,MEGHA STAR AGROTECH PRIVATE LIMITED,Strike Off,RoC-Jaipur
U01113RJ2017PTC056956,FRACTION AGRO PRIVATE LIMITED,Strike Off,RoC-Jaipur
U01113RJ2018PTC060996,SUNRATNAM AGROTECH MARKETING PRIVATELIMITED,Strike Off,RoC-Jaipur
U01114RJ2017PTC058011,INDOEURO AGRI EXPORTERS INDIA PRIVATELIMITED,Strike Off,RoC-Jaipur
U01114RJ2017PTC058461,HYRIDIYANS BIOTECH PRIVATE LIMITED,Strike Off,RoC-Jaipur
U01114RJ2018PTC060890,VALMIKI FARM PRIVATE LIMITED,Strike Off,RoC-Jaipur
U01114RJ2018PTC060915,SHIVSHAMBHU FARM PRIVATE LIMITED,Strike Off,RoC-Jaipur
U01115RJ2018PTC060916,BHUVNESH FARM PRIVATE LIMITED,Strike Off,RoC-Jaipur
U01117RJ2003PTC018554,KUKAS HERBAL PRIVATE LIMITED,Strike Off,RoC-Jaipur
U01117RJ2004PTC019314,HELIANTHUS TRADE WINGS PRIVATE LIMITED,Strike Off,RoC-Jaipur
U01117RJ2004PTC019626,WELLHERB OILS PRIVATE LIMITED,Strike Off,RoC-Jaipur
U01117RJ2004PTC019757,MARUDHARA BIOTECH PRIVATE LIMITED,Strike Off,RoC-Jaipur
U01117RJ2004PTC019811,ASONA NATURALS BIOAGRO PRIVATE LIMITED,Strike Off,RoC-Jaipur
U01117RJ2005PTC021145,CLASSIC HERBS PRIVATE LIMITED,Strike Off,RoC-Jaipur
U01117RJ2005PTC021767,ARAAVIA HERBALS PRIVATE LIMITED,Strike Off,RoC-Jaipur
U01117RJ2005PTC021781,SHRI KARANI BIO PLANTECH PRIVATE LIMITED,Strike Off,RoC-Jaipur
U01117RJ2005PTC021800,YASH GREENAGRO BIO PLANTECH PRIVATELIMITED,Strike Off,RoC-Jaipur
U01117RJ2006PTC021898,PINKCITY BIOFUELS PRIVATE LIMITED,Strike Off,RoC-Jaipur
U01117RJ2006PTC021904,SHEEVAM BIODIESELS PRIVATE LIMITED,Strike Off,RoC-Jaipur
U01117RJ2006PTC021905,SUNRISE PHOSPHATE PRIVATE LIMITED,Strike Off,RoC-Jaipur
U01117RJ2006PTC021946,JAT BIOFUEL PRIVATE LIMITED,Strike Off,RoC-Jaipur
U01117RJ2006PTC022038,INVA AGRI GENES PRIVATE LIMITED,Strike Off,RoC-Jaipur
U01117RJ2006PTC022073,SARGO HERBAL INDIA PRIVATE LIMITED,Strike Off,RoC-Jaipur
U01117RJ2007PTC024131,INNOVATIVE HERBS BIOTECH PRIVATE LIMITED,Strike Off,RoC-Jaipur
U01117RJ2007PTC024156,RAJASTHAN BIOAGRO FARMS PRIVATE LIMITED,Strike Off,RoC-Jaipur
U01117RJ2007PTC024481,SHRUTI BIOTECH PRIVATE LIMITED,Strike Off,RoC-Jaipur
U01117RJ2007PTC024812,LIFESCOT BIOTECH PRIVATE LIMITED,Strike Off,RoC-Jaipur
U01117RJ2007PTC025320,KHUSHALI KISAN AGRO BIOTECH PRIVATELIMITED,Strike Off,RoC-Jaipur
U01119RJ1992PTC006463,SATYAM GUMS PVT LTD.,Strike Off,RoC-Jaipur
U01119RJ1995PTC009490,BEHROR AGRO PRIVATE LIMITED,Strike Off,RoC-Jaipur
U01119RJ2004PTC019294,ADARSH BIO HERBAL PRIVATE LIMITED,Strike Off,RoC-Jaipur
U01119RJ2005PTC021795,AARCO HERBAL AND FOODS PRIVATE LIMITED,Strike Off,RoC-Jaipur
U01119RJ2007PTC024036,MEWAR BIO DIESAL AND AGRI AND ANIMALPRIVATE LIMITED,Strike Off,RoC-Jaipur
U01119RJ2016PLC055904,SEORA ADVANTAGE LIMITED,Strike Off,RoC-Jaipur
U01119RJ2019PTC066431,RVMD PAASHUDHAN SERVICES PRIVATE LIMITED,Strike Off,RoC-Jaipur
U01121RJ2002PTC018005,JAIPUR HIGHTECH AGRO PRIVATE LIMITED,Strike Off,RoC-Jaipur
U01122RJ1948PLC000636,THE RAJASTHAN AGRICULTURE LIVE STOCK LIMITED,Strike Off,RoC-Jaipur
U01122RJ1976PTC001719,NAND ALOK PVT LTD,Strike Off,RoC-Jaipur
U01122RJ1986PTC003548,ROASTWELL INDUSTRIES PVT LTD,Strike Off,RoC-Jaipur
U01122RJ1988PTC004340,ARAVALI BEEJ VINIMAY CO PVT LTD,Strike Off,RoC-Jaipur
U01122RJ1993PTC007392,OMNI AGROTECH PVT. LTD,Strike Off,RoC-Jaipur
U01122RJ1994PLC007934,VASUDHA AGRO LIMITED,Strike Off,RoC-Jaipur
U01122RJ1994PLC008691,INDIA MERISTEM LIMITED,Strike Off,RoC-Jaipur
U01122RJ1994PLC008807,MADHUBAN GARDENS LIMITED,Strike Off,RoC-Jaipur
U01122RJ1994PTC008693,REYA BLOSSOMS PVT. LTD,Strike Off,RoC-Jaipur
U01122RJ1994PTC008784,ADITYA HORTICULTURE PRIVATE LIMITED,Strike Off,RoC-Jaipur
U01122RJ1995PTC010070,AMER AGRO TECH PRIVATE LIMITED,Strike Off,RoC-Jaipur
U01122RJ1995PTC010223,RAJNIGANDHA PLANTATION RESEARCH CENTRE PVT LTD,Strike Off,RoC-Jaipur
U01122RJ1995PTC010467,GREEN PLUS (INDIA) PVT LTD,Strike Off,RoC-Jaipur
U01122RJ1995PTC010511,KRANTI SEEDS PVT LTD,Strike Off,RoC-Jaipur
U01122RJ1995PTC011010,S.B.PLANTATIONS PVT LTD,Strike Off,RoC-Jaipur
U01122RJ1996PLC012344,HADOTI FORESTS LIMITED,Strike Off,RoC-Jaipur
U01122RJ1996PLC012373,ROHINI GREEN HOUSES LIMITED,Strike Off,RoC-Jaipur
U01122RJ1996PTC012216,JUPITER MEDIPLANTS PRIVATE LIMITED,Strike Off,RoC-Jaipur
U01122RJ1996PTC012512,R.D. SPICES PRIVATE LIMITED,Strike Off,RoC-Jaipur
U01122RJ1996PTC013007,ECONOMIC AGROTECH (INDIA) PRIVATELIMITED,Strike Off,RoC-Jaipur
U01122RJ1997PLC013193,RAJASTHAN GREENGEANS BIOTECH LIMITED,Strike Off,RoC-Jaipur
U01122RJ1997PTC013329,RAMPRATAP NURSERY PRIVATE LIMITED,Strike Off,RoC-Jaipur
U01122RJ1997PTC013552,SADASUKHI AGROBIOTECH PRIVATE LIMITED,Strike Off,RoC-Jaipur
U01122RJ1997PTC013774,SHREE PADAM TRADERS PRIVATE LIMITED,Strike Off,RoC-Jaipur
U01122RJ1997PTC014342,BAGRA HORTICULTURE PRIVATE LIMITED,Strike Off,RoC-Jaipur
U01122RJ1999PTC015664,BAJRANG SEEDS PRIVATE LIMITED,Strike Off,RoC-Jaipur
U01122RJ1999PTC015684,M L J FOODS PRIVATE LIMITED,Strike Off,RoC-Jaipur
U01122RJ2000PTC016081,DEEPCHET AGRO PRIVATE LIMITED,Strike Off,RoC-Jaipur
U01122RJ2001PTC017102,ROMANA HERBS PRIVATE LIMITED,Strike Off,RoC-Jaipur
U01122RJ2002PTC017492,BL AND BK AGRICULTURE PRIVATE LIMITED,Strike Off,RoC-Jaipur
U01122RJ2002PTC017610,SWASTIK SATYAM JOJOBA AGRICULTUREPRIVATE LIMITED,Strike Off,RoC-Jaipur
U01122RJ2002PTC017821,VRINDA AGRI-VISION PRIVATE LIMITED,Strike Off,RoC-Jaipur
U01122RJ2002PTC017854,B L HYBRID SEEDS PRIVATE LIMITED,Strike Off,RoC-Jaipur
U01122RJ2002PTC017908,SHREE MAHADEV SEEDS PRIVATE LIMITED,Strike Off,RoC-Jaipur
U01122RJ2003PTC018118,VEDANT BIO-ORGANIC AGRICULTURE PRIVATE LIMITED,Strike Off,RoC-Jaipur
U01122RJ2003PTC018321,OHM AGRI BIO TECHNOLOGY PRIVATE LIMITED,Strike Off,RoC-Jaipur
U01122RJ2004PTC019515,SHRI NAIN KUNWAR AGRO PRIVATE LIMITED,Strike Off,RoC-Jaipur
U01122RJ2004PTC019710,JUPU FARMS PRIVATE LIMITED,Strike Off,RoC-Jaipur
U01122RJ2004PTC019949,KESHU FARMS PRIVATE LIMITED,Strike Off,RoC-Jaipur
U01122RJ2005PTC020218,SAKET ORGANIC FOODS PRIVATE LIMITED,Strike Off,RoC-Jaipur
U01122RJ2005PTC020413,BANJARA GARDENS PRIVATE LIMITED,Strike Off,RoC-Jaipur
U01122RJ2005PTC020587,JIN KUSHAL AGRO BIOTECH PRIVATE LIMITED,Strike Off,RoC-Jaipur
U01122RJ2005PTC020712,RATAN JOT FARMS PRIVATE LIMITED,Strike Off,RoC-Jaipur
U01122RJ2005PTC020713,MEERA FARMHOUSES PRIVATE LIMITED,Strike Off,RoC-Jaipur
U01122RJ2005PTC020813,GREEN VIEW BIO-TECH PRIVATE LIMITED,Strike Off,RoC-Jaipur
U01122RJ2005PTC020817,OSIAN BIOTECH AND HERBAL FARMS PRIVATELIMITED,Strike Off,RoC-Jaipur
U01122RJ2005PTC020938,NOBLE KINGDOM AGROFARMS AND RESORTS PRIVATE LIMITED,Strike Off,RoC-Jaipur
U01122RJ2005PTC020999,PARAM BIO-HORTECH INDIA PRIVATE LIMITED,Strike Off,RoC-Jaipur
U01122RJ2005PTC021057,NIRANJAN HERBALS PRIVATE LIMITED,Strike Off,RoC-Jaipur
U01122RJ2005PTC021134,KANGSABATI AGRO PRIVATE LIMITED,Strike Off,RoC-Jaipur
U01122RJ2005PTC021305,UMRAO SHIVSANKALP BIOTECH PRIVATELIMITED,Strike Off,RoC-Jaipur
U01122RJ2005PTC021521,VIJAYANT AGROTECH PRIVATE LIMITED,Strike Off,RoC-Jaipur
U01122RJ2005PTC021545,GOODEARTH CULTIVATIONS PRIVATE LIMITED,Strike Off,RoC-Jaipur
U01122RJ2005PTC021600,JUPU GREEN FARMS PRIVATE LIMITED,Strike Off,RoC-Jaipur
U01122RJ2005PTC021612,ANKIT AMAR AGRO PRIVATE LIMITED,Strike Off,RoC-Jaipur
U01122RJ2005PTC021615,ABHAY BIOTECH PRIVATE LIMITED,Strike Off,RoC-Jaipur
U01122RJ2005PTC021624,INANI AGRO PRIVATE LIMITED,Strike Off,RoC-Jaipur
U01122RJ2005PTC021721,OPEN EARTH AGROTECH PRIVATE LIMITED,Strike Off,RoC-Jaipur
U01122RJ2006PLC022135,KANHIKA AGRRI PRODUCER COMPANY LIMITED,Strike Off,RoC-Jaipur
U01122RJ2006PTC021893,SHRI MAHALAXMI BIO AGRICULTURAL PVT LTD,Strike Off,RoC-Jaipur
U01122RJ2006PTC022121,AMBIKA AGRITECH PRIVATE LIMITED,Strike Off,RoC-Jaipur
U01122RJ2006PTC022212,OM KIRAN FARMING PRIVATE LIMITED,Strike Off,RoC-Jaipur
U01122RJ2006PTC022229,KARANI KISSAN AGRO BIOTECH PRIVATE LIMITED,Strike Off,RoC-Jaipur
U01122RJ2006PTC022251,MARUDHAR HARBAL AGROBIO PRIVATE LIMITED,Strike Off,RoC-Jaipur
U01122RJ2006PTC022805,RAJ BIOORGANICS PRIVATE LIMITED,Strike Off,RoC-Jaipur
U01122RJ2006PTC022826,KARNIKA AGRI VISION PRIVATE LIMITED,Strike Off,RoC-Jaipur
U01122RJ2006PTC023218,SUN PRIME AGRI SOLUTIONS PRIVATE LIMITED,Strike Off,RoC-Jaipur
U01122RJ2006PTC023239,FUTURISTIC BIO VISION PRIVATE LIMITED,Strike Off,RoC-Jaipur
U01122RJ2006PTC023558,SHEKAWATI BIOTECH PRIVATE LIMITED,Strike Off,RoC-Jaipur
U01122RJ2006PTC023559,SHEKHAWATI KISAN AGRO PRIVATE LIMITED,Strike Off,RoC-Jaipur
U01122RJ2007PLC023575,MOTHER INDIA AGROLAND LIMITED,Strike Off,RoC-Jaipur
U01122RJ2007PTC023629,SURYA CROP SCIENCE (INDIA) PRIVATE LIMITED,Strike Off,RoC-Jaipur
U01122RJ2007PTC023703,KAMAL ORGANICS CONSULTANTS PRIVATELIMITED,Strike Off,RoC-Jaipur
U01122RJ2007PTC023773,SHRIMAL ALLIED AGRO PRIVATE LIMITED,Strike Off,RoC-Jaipur
U01122RJ2007PTC024232,GREAT AGROTECH PRIVATE LIMITED,Strike Off,RoC-Jaipur
U01122RJ2007PTC024411,SHAKTI AGROFARM PRIVATE LIMITED,Strike Off,RoC-Jaipur
U01122RJ2007PTC024456,BIKANER AGROFARM PROJECTS PRIVATELIMITED,Strike Off,RoC-Jaipur
U01122RJ2007PTC024467,BIKANER AGRODAIRY PRIVATE LIMITED,Strike Off,RoC-Jaipur
U01122RJ2007PTC024699,SHRI SINGHAL GRAIN PRIVATE LIMITED,Strike Off,RoC-Jaipur
